Thu Jan 31 1901 12:00:00 GMT+0000 (GMT),271.47163978531455
Sun Mar 31 1901 12:00:00 GMT+0100 (BST),280.7078989888138
Fri May 31 1901 12:00:00 GMT+0100 (BST),280.6503099624665
Wed Jul 31 1901 12:00:00 GMT+0100 (BST),273.27749815104005
Sat Aug 31 1901 12:00:00 GMT+0100 (BST),271.9323129071687
Thu Oct 31 1901 12:00:00 GMT+0000 (GMT),277.8287843841122
Tue Dec 31 1901 12:00:00 GMT+0000 (GMT),290.58665456185753
Fri Jan 31 1902 12:00:00 GMT+0000 (GMT),297.8880914177951
Mon Mar 31 1902 12:00:00 GMT+0100 (BST),310.44310228583925
Sat May 31 1902 12:00:00 GMT+0100 (BST),316.9574517018639
Thu Jul 31 1902 12:00:00 GMT+0100 (BST),312.45400477022685
Sun Aug 31 1902 12:00:00 GMT+0100 (BST),308.5083659496543
Fri Oct 31 1902 12:00:00 GMT+0000 (GMT),308.0669052951641
Wed Dec 31 1902 12:00:00 GMT+0000 (GMT),317.88456600278585
Sat Jan 31 1903 12:00:00 GMT+0000 (GMT),324.9209942440627
Tue Mar 31 1903 12:00:00 GMT+0100 (BST),339.00216888630473
Sun May 31 1903 12:00:00 GMT+0100 (BST),350.4833676613953
Fri Jul 31 1903 12:00:00 GMT+0100 (BST),352.9259770220901
Mon Aug 31 1903 12:00:00 GMT+0100 (BST),349.7451833905695
Sat Oct 31 1903 12:00:00 GMT+0000 (GMT),343.3155203979997
Thu Dec 31 1903 12:00:00 GMT+0000 (GMT),347.5419421666565
Sun Jan 31 1904 12:00:00 GMT+0000 (GMT),353.21414962564137
Thu Mar 31 1904 12:00:00 GMT+0100 (BST),7.150019617451979
Tue May 31 1904 12:00:00 GMT+0100 (BST),21.16908607714495
Sun Jul 31 1904 12:00:00 GMT+0100 (BST),29.78619861243018
Wed Aug 31 1904 12:00:00 GMT+0100 (BST),30.10403060326342
Mon Oct 31 1904 12:00:00 GMT+0000 (GMT),23.317473214173702
Sat Dec 31 1904 12:00:00 GMT+0000 (GMT),20.514701749647237
Tue Jan 31 1905 12:00:00 GMT+0000 (GMT),23.57389064668823
Fri Mar 31 1905 12:00:00 GMT+0100 (BST),34.87323182368141
Wed May 31 1905 12:00:00 GMT+0100 (BST),49.32538322956644
Mon Jul 31 1905 12:00:00 GMT+0100 (BST),61.674162514815116
Thu Aug 31 1905 12:00:00 GMT+0100 (BST),65.35036758539033
Tue Oct 31 1905 12:00:00 GMT+0000 (GMT),64.03185163404825
Sun Dec 31 1905 12:00:00 GMT+0000 (GMT),56.778183022403404
Wed Jan 31 1906 12:00:00 GMT+0000 (GMT),56.17803673902939
Sat Mar 31 1906 12:00:00 GMT+0100 (BST),62.895716521671226
Thu May 31 1906 12:00:00 GMT+0100 (BST),75.89367313104945
Tue Jul 31 1906 12:00:00 GMT+0100 (BST),89.65056403299066
Fri Aug 31 1906 12:00:00 GMT+0100 (BST),95.344185249446
Wed Oct 31 1906 12:00:00 GMT+0000 (GMT),100.27328835400526
Mon Dec 31 1906 12:00:00 GMT+0000 (GMT),94.66029256626159
Thu Jan 31 1907 12:00:00 GMT+0000 (GMT),91.13133149276041
Sun Mar 31 1907 12:00:00 GMT+0100 (BST),91.77238360489032
Fri May 31 1907 12:00:00 GMT+0100 (BST),101.62595931544048
Wed Jul 31 1907 12:00:00 GMT+0100 (BST),115.11379533905811
Sat Aug 31 1907 12:00:00 GMT+0100 (BST),121.73629326412652
Thu Oct 31 1907 12:00:00 GMT+0000 (GMT),131.0297224556358
Tue Dec 31 1907 12:00:00 GMT+0000 (GMT),130.68984960748625
Fri Jan 31 1908 12:00:00 GMT+0000 (GMT),126.92308972062592
Tue Mar 31 1908 12:00:00 GMT+0100 (BST),122.07913781728621
Sun May 31 1908 12:00:00 GMT+0100 (BST),127.46103159774317
Fri Jul 31 1908 12:00:00 GMT+0100 (BST),139.42444456060323
Mon Aug 31 1908 12:00:00 GMT+0100 (BST),146.23386101190567
Sat Oct 31 1908 12:00:00 GMT+0000 (GMT),157.96795155540119
Thu Dec 31 1908 12:00:00 GMT+0000 (GMT),162.8161657641293
Sun Jan 31 1909 12:00:00 GMT+0000 (GMT),161.111968964196
Wed Mar 31 1909 12:00:00 GMT+0100 (BST),154.0599348562475
Mon May 31 1909 12:00:00 GMT+0100 (BST),153.94165260591745
Sat Jul 31 1909 12:00:00 GMT+0100 (BST),163.1315700188482
Tue Aug 31 1909 12:00:00 GMT+0100 (BST),169.57971661447525
Sun Oct 31 1909 12:00:00 GMT+0000 (GMT),182.50165041475032
Fri Dec 31 1909 12:00:00 GMT+0000 (GMT),191.4637230611879
Mon Jan 31 1910 12:00:00 GMT+0000 (GMT),192.63613441017677
Thu Mar 31 1910 12:00:00 GMT+0100 (BST),187.50542029341827
Tue May 31 1910 12:00:00 GMT+0100 (BST),182.40466872981506
Sun Jul 31 1910 12:00:00 GMT+0100 (BST),187.51607949190762
Wed Aug 31 1910 12:00:00 GMT+0100 (BST),193.03892024770866
Mon Oct 31 1910 12:00:00 GMT+0000 (GMT),206.0582459205619
Sat Dec 31 1910 12:00:00 GMT+0000 (GMT),217.78172026093134
Tue Jan 31 1911 12:00:00 GMT+0000 (GMT),221.5182780106729
Fri Mar 31 1911 12:00:00 GMT+0100 (BST),221.24758052982125
Wed May 31 1911 12:00:00 GMT+0100 (BST),213.9903695392343
Mon Jul 31 1911 12:00:00 GMT+0100 (BST),213.84842134777332
Thu Aug 31 1911 12:00:00 GMT+0100 (BST),217.74361129530968
Tue Oct 31 1911 12:00:00 GMT+0000 (GMT),229.74048924244383
Sun Dec 31 1911 12:00:00 GMT+0000 (GMT),243.016998725326
Wed Jan 31 1912 12:00:00 GMT+0000 (GMT),248.66512239406643
Sun Mar 31 1912 12:00:00 GMT+0100 (BST),253.9458471196629
Fri May 31 1912 12:00:00 GMT+0100 (BST),248.92266125761964
Wed Jul 31 1912 12:00:00 GMT+0100 (BST),243.71687237557643
Sat Aug 31 1912 12:00:00 GMT+0100 (BST),245.1713454768913
Thu Oct 31 1912 12:00:00 GMT+0000 (GMT),254.79034417595344
Tue Dec 31 1912 12:00:00 GMT+0000 (GMT),268.4211133006093
Fri Jan 31 1913 12:00:00 GMT+0000 (GMT),275.25764553527466
Mon Mar 31 1913 12:00:00 GMT+0100 (BST),285.05783216171636
Sat May 31 1913 12:00:00 GMT+0100 (BST),285.9325524006051
Thu Jul 31 1913 12:00:00 GMT+0100 (BST),278.58821526499867
Sun Aug 31 1913 12:00:00 GMT+0100 (BST),276.7833577345196
Fri Oct 31 1913 12:00:00 GMT+0000 (GMT),281.91224677130907
Wed Dec 31 1913 12:00:00 GMT+0000 (GMT),294.39883742334644
Sat Jan 31 1914 12:00:00 GMT+0000 (GMT),301.7187174607042
Tue Mar 31 1914 12:00:00 GMT+0100 (BST),314.5959910416183
Sun May 31 1914 12:00:00 GMT+0100 (BST),321.93414030312056
Fri Jul 31 1914 12:00:00 GMT+0100 (BST),318.26180180827635
Mon Aug 31 1914 12:00:00 GMT+0100 (BST),314.17413754228147
Sat Oct 31 1914 12:00:00 GMT+0000 (GMT),312.7642771899315
Thu Dec 31 1914 12:00:00 GMT+0000 (GMT),321.9682069836863
Sun Jan 31 1915 12:00:00 GMT+0000 (GMT),328.88704804319104
Wed Mar 31 1915 12:00:00 GMT+0100 (BST),343.0318869955321
Mon May 31 1915 12:00:00 GMT+0100 (BST),355.0156251831218
Sat Jul 31 1915 12:00:00 GMT+0100 (BST),358.46196066334187
Tue Aug 31 1915 12:00:00 GMT+0100 (BST),355.68737731355435
Sun Oct 31 1915 12:00:00 GMT+0000 (GMT),348.77640044263853
Fri Dec 31 1915 12:00:00 GMT+0000 (GMT),352.0290303641512
Mon Jan 31 1916 12:00:00 GMT+0000 (GMT),357.40767268075615
Fri Mar 31 1916 12:00:00 GMT+0100 (BST),11.127538766898644
Wed May 31 1916 12:00:00 GMT+0100 (BST),25.3310249855969
Mon Jul 31 1916 12:00:00 GMT+0100 (BST),34.631917269083544
Thu Aug 31 1916 12:00:00 GMT+0100 (BST),35.483374468807796
Tue Oct 31 1916 12:00:00 GMT+0000 (GMT),29.20567030613039
Sun Dec 31 1916 12:00:00 GMT+0000 (GMT),25.488747359801454
Wed Jan 31 1917 12:00:00 GMT+0000 (GMT),28.075350379482973
Sat Mar 31 1917 12:00:00 GMT+0100 (BST),38.8626845736242
Thu May 31 1917 12:00:00 GMT+0100 (BST),53.220189117671715
Tue Jul 31 1917 12:00:00 GMT+0100 (BST),65.88849775795721
Fri Aug 31 1917 12:00:00 GMT+0100 (BST),69.9264224354233
Wed Oct 31 1917 12:00:00 GMT+0000 (GMT),69.53793508046935
Mon Dec 31 1917 12:00:00 GMT+0000 (GMT),62.148953195355574
Thu Jan 31 1918 12:00:00 GMT+0000 (GMT),61.04122429325048
Sun Mar 31 1918 12:00:00 GMT+0100 (BST),66.97116049409355
Fri May 31 1918 12:00:00 GMT+0100 (BST),79.62944066649872
Wed Jul 31 1918 12:00:00 GMT+0100 (BST),93.43841161301778
Sat Aug 31 1918 12:00:00 GMT+0100 (BST),99.31773845187867
Thu Oct 31 1918 12:00:00 GMT+0000 (GMT),104.98338755430542
Tue Dec 31 1918 12:00:00 GMT+0000 (GMT),99.98654254024129
Fri Jan 31 1919 12:00:00 GMT+0000 (GMT),96.24016738323944
Mon Mar 31 1919 12:00:00 GMT+0100 (BST),96.01647713437292
Sat May 31 1919 12:00:00 GMT+0100 (BST),105.30701682312522
Thu Jul 31 1919 12:00:00 GMT+0100 (BST),118.64900920551881
Sun Aug 31 1919 12:00:00 GMT+0100 (BST),125.33663483295403
Fri Oct 31 1919 12:00:00 GMT+0000 (GMT),135.0795382278058
Wed Dec 31 1919 12:00:00 GMT+0000 (GMT),135.53578734857552
Sat Jan 31 1920 12:00:00 GMT+0000 (GMT),131.9618707691593
Wed Mar 31 1920 12:00:00 GMT+0100 (BST),126.54838021490671
Mon May 31 1920 12:00:00 GMT+0100 (BST),131.19706533220324
Sat Jul 31 1920 12:00:00 GMT+0100 (BST),142.84871588998607
Tue Aug 31 1920 12:00:00 GMT+0100 (BST),149.64035306366736
Sun Oct 31 1920 12:00:00 GMT+0000 (GMT),161.61319986033357
Fri Dec 31 1920 12:00:00 GMT+0000 (GMT),167.12077144283217
Mon Jan 31 1921 12:00:00 GMT+0000 (GMT),165.80664318900244
Thu Mar 31 1921 12:00:00 GMT+0100 (BST),158.7749457059707
Tue May 31 1921 12:00:00 GMT+0100 (BST),157.8837081515246
Sun Jul 31 1921 12:00:00 GMT+0100 (BST),166.58452748577554
Wed Aug 31 1921 12:00:00 GMT+0100 (BST),172.93912761661258
Mon Oct 31 1921 12:00:00 GMT+0000 (GMT),185.93754439620272
Sat Dec 31 1921 12:00:00 GMT+0000 (GMT),195.36267702234375
Tue Jan 31 1922 12:00:00 GMT+0000 (GMT),196.92530791240875
Fri Mar 31 1922 12:00:00 GMT+0100 (BST),192.34735923260874
Wed May 31 1922 12:00:00 GMT+0100 (BST),186.72003214655652
Mon Jul 31 1922 12:00:00 GMT+0100 (BST),191.1577767103279
Thu Aug 31 1922 12:00:00 GMT+0100 (BST),196.500172537948
Tue Oct 31 1922 12:00:00 GMT+0000 (GMT),209.44822473439504
Sun Dec 31 1922 12:00:00 GMT+0000 (GMT),221.45848919636754
Wed Jan 31 1923 12:00:00 GMT+0000 (GMT),225.5032937973711
Sat Mar 31 1923 12:00:00 GMT+0100 (BST),226.01309833373915
Thu May 31 1923 12:00:00 GMT+0100 (BST),218.80219204369857
Tue Jul 31 1923 12:00:00 GMT+0100 (BST),217.8801608370744
Fri Aug 31 1923 12:00:00 GMT+0100 (BST),221.4795979052349
Wed Oct 31 1923 12:00:00 GMT+0000 (GMT),233.2284045016046
Mon Dec 31 1923 12:00:00 GMT+0000 (GMT),246.62726701821703
Thu Jan 31 1924 12:00:00 GMT+0000 (GMT),252.48607089118855
Mon Mar 31 1924 12:00:00 GMT+0100 (BST),258.50576774879914
Sat May 31 1924 12:00:00 GMT+0100 (BST),254.1437613568965
Thu Jul 31 1924 12:00:00 GMT+0100 (BST),248.36332031197207
Sun Aug 31 1924 12:00:00 GMT+0100 (BST),249.39207649189564
Fri Oct 31 1924 12:00:00 GMT+0000 (GMT),258.52108691166154
Wed Dec 31 1924 12:00:00 GMT+0000 (GMT),272.0935389500337
Sat Jan 31 1925 12:00:00 GMT+0000 (GMT),279.04379845637266
Tue Mar 31 1925 12:00:00 GMT+0100 (BST),289.3759428007001
Sun May 31 1925 12:00:00 GMT+0100 (BST),291.19186946343217
Fri Jul 31 1925 12:00:00 GMT+0100 (BST),283.9994448331694
Mon Aug 31 1925 12:00:00 GMT+0100 (BST),281.7505733339687
Sat Oct 31 1925 12:00:00 GMT+0000 (GMT),286.0671834896225
Thu Dec 31 1925 12:00:00 GMT+0000 (GMT),298.24125590684
Sun Jan 31 1926 12:00:00 GMT+0000 (GMT),305.5626470689779
Wed Mar 31 1926 12:00:00 GMT+0100 (BST),318.7269916444296
Mon May 31 1926 12:00:00 GMT+0100 (BST),326.8502106756511
Sat Jul 31 1926 12:00:00 GMT+0100 (BST),324.07994633269954
Tue Aug 31 1926 12:00:00 GMT+0100 (BST),319.92883938114306
Sun Oct 31 1926 12:00:00 GMT+0000 (GMT),317.56399488714794
Fri Dec 31 1926 12:00:00 GMT+0000 (GMT),326.09973690861165
Mon Jan 31 1927 12:00:00 GMT+0000 (GMT),332.8789802072231
Thu Mar 31 1927 12:00:00 GMT+0100 (BST),347.0501698709698
Tue May 31 1927 12:00:00 GMT+0100 (BST),359.4889855360664
Sun Jul 31 1927 12:00:00 GMT+0100 (BST),3.910001048369548
Wed Aug 31 1927 12:00:00 GMT+0100 (BST),1.5914735154903288
Mon Oct 31 1927 12:00:00 GMT+0000 (GMT),354.3343485568108
Sat Dec 31 1927 12:00:00 GMT+0000 (GMT),356.58250359551676
Tue Jan 31 1928 12:00:00 GMT+0000 (GMT),1.6405512345766065
Sat Mar 31 1928 12:00:00 GMT+0100 (BST),15.10265506849366
Thu May 31 1928 12:00:00 GMT+0100 (BST),29.448929570495473
Tue Jul 31 1928 12:00:00 GMT+0100 (BST),39.378786975455284
Fri Aug 31 1928 12:00:00 GMT+0100 (BST),40.74865990321571
Wed Oct 31 1928 12:00:00 GMT+0000 (GMT),35.09173205791038
Mon Dec 31 1928 12:00:00 GMT+0000 (GMT),30.532088496416623
Thu Jan 31 1929 12:00:00 GMT+0000 (GMT),32.62686038336625
Sun Mar 31 1929 12:00:00 GMT+0100 (BST),42.85965193138743
Fri May 31 1929 12:00:00 GMT+0100 (BST),57.08683650631074
Wed Jul 31 1929 12:00:00 GMT+0100 (BST),70.03162853058036
Sat Aug 31 1929 12:00:00 GMT+0100 (BST),74.40378983033234
Thu Oct 31 1929 12:00:00 GMT+0000 (GMT),74.94102424189369
Tue Dec 31 1929 12:00:00 GMT+0000 (GMT),67.5464168334866
Fri Jan 31 1930 12:00:00 GMT+0000 (GMT),65.95124393814591
Mon Mar 31 1930 12:00:00 GMT+0100 (BST),71.06536110167818
Sat May 31 1930 12:00:00 GMT+0100 (BST),83.35147682552875
Thu Jul 31 1930 12:00:00 GMT+0100 (BST),97.1818464974324
Sun Aug 31 1930 12:00:00 GMT+0100 (BST),103.22699459301482
Fri Oct 31 1930 12:00:00 GMT+0000 (GMT),109.58747654167881
Wed Dec 31 1930 12:00:00 GMT+0000 (GMT),105.26545104749634
Sat Jan 31 1931 12:00:00 GMT+0000 (GMT),101.36143977208056
Tue Mar 31 1931 12:00:00 GMT+0100 (BST),100.29088730389479
Sun May 31 1931 12:00:00 GMT+0100 (BST),108.98959938377773
Fri Jul 31 1931 12:00:00 GMT+0100 (BST),122.1610101994643
Mon Aug 31 1931 12:00:00 GMT+0100 (BST),128.90031529047016
Sat Oct 31 1931 12:00:00 GMT+0000 (GMT),139.0577811639326
Thu Dec 31 1931 12:00:00 GMT+0000 (GMT),140.301161310032
Sun Jan 31 1932 12:00:00 GMT+0000 (GMT),136.96409190580607
Thu Mar 31 1932 12:00:00 GMT+0100 (BST),131.0542136809674
Tue May 31 1932 12:00:00 GMT+0100 (BST),134.95262929423006
Sun Jul 31 1932 12:00:00 GMT+0100 (BST),146.26852330725745
Wed Aug 31 1932 12:00:00 GMT+0100 (BST),153.03168459150055
Mon Oct 31 1932 12:00:00 GMT+0000 (GMT),165.218142575632
Sat Dec 31 1932 12:00:00 GMT+0000 (GMT),171.35780834166883
Tue Jan 31 1933 12:00:00 GMT+0000 (GMT),170.44326855885657
Fri Mar 31 1933 12:00:00 GMT+0100 (BST),163.51803745044907
Wed May 31 1933 12:00:00 GMT+0100 (BST),161.86780355407993
Mon Jul 31 1933 12:00:00 GMT+0100 (BST),170.05353302081332
Thu Aug 31 1933 12:00:00 GMT+0100 (BST),176.30356078768082
Tue Oct 31 1933 12:00:00 GMT+0000 (GMT),189.3578896542443
Sun Dec 31 1933 12:00:00 GMT+0000 (GMT),199.2199248611734
Wed Jan 31 1934 12:00:00 GMT+0000 (GMT),201.16391240136312
Sat Mar 31 1934 12:00:00 GMT+0100 (BST),197.19096380718037
Thu May 31 1934 12:00:00 GMT+0100 (BST),191.09982861839643
Tue Jul 31 1934 12:00:00 GMT+0100 (BST),194.8405798973916
Fri Aug 31 1934 12:00:00 GMT+0100 (BST),199.98840478882144
Wed Oct 31 1934 12:00:00 GMT+0000 (GMT),212.8432420905935
Mon Dec 31 1934 12:00:00 GMT+0000 (GMT),225.117204888999
Thu Jan 31 1935 12:00:00 GMT+0000 (GMT),229.45685741803928
Sun Mar 31 1935 12:00:00 GMT+0100 (BST),230.75328233726742
Fri May 31 1935 12:00:00 GMT+0100 (BST),223.6831906516666
Wed Jul 31 1935 12:00:00 GMT+0100 (BST),221.98485861111152
Sat Aug 31 1935 12:00:00 GMT+0100 (BST),225.2699892423749
Thu Oct 31 1935 12:00:00 GMT+0000 (GMT),236.741148448282
Tue Dec 31 1935 12:00:00 GMT+0000 (GMT),250.2385564500941
Fri Jan 31 1936 12:00:00 GMT+0000 (GMT),256.294264125717
Tue Mar 31 1936 12:00:00 GMT+0100 (BST),263.030467863159
Sun May 31 1936 12:00:00 GMT+0100 (BST),259.3975435175621
Fri Jul 31 1936 12:00:00 GMT+0100 (BST),253.11398300378337
Mon Aug 31 1936 12:00:00 GMT+0100 (BST),253.70175586975435
Sat Oct 31 1936 12:00:00 GMT+0000 (GMT),262.29878550601325
Thu Dec 31 1936 12:00:00 GMT+0000 (GMT),275.7826783725552
Sun Jan 31 1937 12:00:00 GMT+0000 (GMT),282.8320554009068
Wed Mar 31 1937 12:00:00 GMT+0100 (BST),293.6634283600713
Mon May 31 1937 12:00:00 GMT+0100 (BST),296.4203307842865
Sat Jul 31 1937 12:00:00 GMT+0100 (BST),289.5044180802677
Tue Aug 31 1937 12:00:00 GMT+0100 (BST),286.8358462276172
Sun Oct 31 1937 12:00:00 GMT+0000 (GMT),290.29803407110603
Fri Dec 31 1937 12:00:00 GMT+0000 (GMT),302.11621288573355
Mon Jan 31 1938 12:00:00 GMT+0000 (GMT),309.4216276583083
Thu Mar 31 1938 12:00:00 GMT+0100 (BST),322.83762165967624
Tue May 31 1938 12:00:00 GMT+0100 (BST),331.7040958758318
Sun Jul 31 1938 12:00:00 GMT+0100 (BST),329.89131863813725
Wed Aug 31 1938 12:00:00 GMT+0100 (BST),325.759264564894
Mon Oct 31 1938 12:00:00 GMT+0000 (GMT),322.46914174899115
Sat Dec 31 1938 12:00:00 GMT+0000 (GMT),330.28183391103147
Tue Jan 31 1939 12:00:00 GMT+0000 (GMT),336.89862496610414
Fri Mar 31 1939 12:00:00 GMT+0100 (BST),351.0584205222907
Wed May 31 1939 12:00:00 GMT+0100 (BST),3.9053347251547588
Mon Jul 31 1939 12:00:00 GMT+0100 (BST),9.263769508445199
Thu Aug 31 1939 12:00:00 GMT+0100 (BST),7.439950192804649
Tue Oct 31 1939 12:00:00 GMT+0000 (GMT),359.9812785446758
Sun Dec 31 1939 12:00:00 GMT+0000 (GMT),1.2044207567006924
Wed Jan 31 1940 12:00:00 GMT+0000 (GMT),5.914695332032883
Sun Mar 31 1940 12:00:00 GMT+0100 (BST),19.076723088861055
Fri May 31 1940 12:00:00 GMT+0100 (BST),33.525139941437814
Wed Jul 31 1940 12:00:00 GMT+0100 (BST),44.02981662860078
Sat Aug 31 1940 12:00:00 GMT+0100 (BST),45.89827177061771
Thu Oct 31 1940 12:00:00 GMT+0000 (GMT),40.95731767452999
Tue Dec 31 1940 12:00:00 GMT+0000 (GMT),35.64224115430085
Fri Jan 31 1941 12:00:00 GMT+0000 (GMT),37.229328854844574
Mon Mar 31 1941 12:00:00 GMT+0100 (BST),46.86562721691211
Sat May 31 1941 12:00:00 GMT+0100 (BST),60.927393227268915
Thu Jul 31 1941 12:00:00 GMT+0100 (BST),74.10765388738487
Sun Aug 31 1941 12:00:00 GMT+0100 (BST),78.78726881283714
Fri Oct 31 1941 12:00:00 GMT+0000 (GMT),80.23545324104647
Wed Dec 31 1941 12:00:00 GMT+0000 (GMT),72.9605800330014
Sat Jan 31 1942 12:00:00 GMT+0000 (GMT),70.90536366028307
Tue Mar 31 1942 12:00:00 GMT+0100 (BST),75.17999300135205
Sun May 31 1942 12:00:00 GMT+0100 (BST),87.06180026178991
Fri Jul 31 1942 12:00:00 GMT+0100 (BST),100.8840921608638
Mon Aug 31 1942 12:00:00 GMT+0100 (BST),107.07628233377253
Sat Oct 31 1942 12:00:00 GMT+0000 (GMT),114.0896296897883
Thu Dec 31 1942 12:00:00 GMT+0000 (GMT),110.4887561479346
Sun Jan 31 1943 12:00:00 GMT+0000 (GMT),106.48819179285141
Wed Mar 31 1943 12:00:00 GMT+0100 (BST),104.59700012733994
Mon May 31 1943 12:00:00 GMT+0100 (BST),112.67604163143807
Sat Jul 31 1943 12:00:00 GMT+0100 (BST),125.65248981746811
Tue Aug 31 1943 12:00:00 GMT+0100 (BST),132.43061852375698
Sun Oct 31 1943 12:00:00 GMT+0000 (GMT),142.9693115198524
Fri Dec 31 1943 12:00:00 GMT+0000 (GMT),144.98579777256185
Mon Jan 31 1944 12:00:00 GMT+0000 (GMT),141.92437268665964
Fri Mar 31 1944 12:00:00 GMT+0100 (BST),135.5965794858413
Wed May 31 1944 12:00:00 GMT+0100 (BST),138.7306226756082
Mon Jul 31 1944 12:00:00 GMT+0100 (BST),149.686559411654
Thu Aug 31 1944 12:00:00 GMT+0100 (BST),156.41067827910769
Tue Oct 31 1944 12:00:00 GMT+0000 (GMT),168.78659329557777
Sun Dec 31 1944 12:00:00 GMT+0000 (GMT),175.5306272795898
Wed Jan 31 1945 12:00:00 GMT+0000 (GMT),175.02139628200024
Sat Mar 31 1945 12:00:00 GMT+0100 (BST),168.28638118299756
Thu May 31 1945 12:00:00 GMT+0100 (BST),165.89726271377742
Tue Jul 31 1945 12:00:00 GMT+0100 (BST),173.541721875603
Fri Aug 31 1945 12:00:00 GMT+0100 (BST),179.67587787415508
Wed Oct 31 1945 12:00:00 GMT+0000 (GMT),192.76571466739847
Mon Dec 31 1945 12:00:00 GMT+0000 (GMT),203.03901671433727
Thu Jan 31 1946 12:00:00 GMT+0000 (GMT),205.3542996193688
Sun Mar 31 1946 12:00:00 GMT+0100 (BST),202.03190033443073
Fri May 31 1946 12:00:00 GMT+0100 (BST),195.54637171543047
Wed Jul 31 1946 12:00:00 GMT+0100 (BST),198.56849219100866
Sat Aug 31 1946 12:00:00 GMT+0100 (BST),203.5070082262942
Thu Oct 31 1946 12:00:00 GMT+0000 (GMT),216.24601569540593
Tue Dec 31 1946 12:00:00 GMT+0000 (GMT),228.76077428444378
Fri Jan 31 1947 12:00:00 GMT+0000 (GMT),233.3817280905942
Mon Mar 31 1947 12:00:00 GMT+0100 (BST),235.46555474353494
Sat May 31 1947 12:00:00 GMT+0100 (BST),228.63090767315168
Thu Jul 31 1947 12:00:00 GMT+0100 (BST),226.16734156777687
Sun Aug 31 1947 12:00:00 GMT+0100 (BST),229.119229880615
Fri Oct 31 1947 12:00:00 GMT+0000 (GMT),240.28160794186266
Wed Dec 31 1947 12:00:00 GMT+0000 (GMT),253.85323447512738
Sat Jan 31 1948 12:00:00 GMT+0000 (GMT),260.0920441098019
Wed Mar 31 1948 12:00:00 GMT+0100 (BST),267.5198891093042
Mon May 31 1948 12:00:00 GMT+0100 (BST),264.6753323779938
Sat Jul 31 1948 12:00:00 GMT+0100 (BST),257.97152546846183
Tue Aug 31 1948 12:00:00 GMT+0100 (BST),258.10557970265694
Sun Oct 31 1948 12:00:00 GMT+0000 (GMT),266.12703015295153
Fri Dec 31 1948 12:00:00 GMT+0000 (GMT),279.4906881440703
Mon Jan 31 1949 12:00:00 GMT+0000 (GMT),286.6243265505197
Thu Mar 31 1949 12:00:00 GMT+0100 (BST),297.92158826673244
Tue May 31 1949 12:00:00 GMT+0100 (BST),301.61078364968773
Sun Jul 31 1949 12:00:00 GMT+0100 (BST),295.09425424163965
Wed Aug 31 1949 12:00:00 GMT+0100 (BST),292.03970224381493
Mon Oct 31 1949 12:00:00 GMT+0000 (GMT),294.6093157623974
Sat Dec 31 1949 12:00:00 GMT+0000 (GMT),306.0260613209321
Tue Jan 31 1950 12:00:00 GMT+0000 (GMT),313.29740343207044
Fri Mar 31 1950 12:00:00 GMT+0100 (BST),326.9293926755448
Wed May 31 1950 12:00:00 GMT+0100 (BST),336.4949761576055
Mon Jul 31 1950 12:00:00 GMT+0100 (BST),335.67916534171724
Thu Aug 31 1950 12:00:00 GMT+0100 (BST),331.6499190156392
Tue Oct 31 1950 12:00:00 GMT+0000 (GMT),327.48200778747366
Sun Dec 31 1950 12:00:00 GMT+0000 (GMT),334.5172026628045
Wed Jan 31 1951 12:00:00 GMT+0000 (GMT),340.9478429004812
Sat Mar 31 1951 12:00:00 GMT+0100 (BST),355.0580248254893
Thu May 31 1951 12:00:00 GMT+0100 (BST),8.266732881138681
Tue Jul 31 1951 12:00:00 GMT+0100 (BST),14.518887488075208
Fri Aug 31 1951 12:00:00 GMT+0100 (BST),13.217185763431377
Wed Oct 31 1951 12:00:00 GMT+0000 (GMT),5.706801290465907
Mon Dec 31 1951 12:00:00 GMT+0000 (GMT),5.896511432911636
Thu Jan 31 1952 12:00:00 GMT+0000 (GMT),10.231976226202235
Mon Mar 31 1952 12:00:00 GMT+0100 (BST),23.05110531897364
Sat May 31 1952 12:00:00 GMT+0100 (BST),37.56196478495087
Thu Jul 31 1952 12:00:00 GMT+0100 (BST),48.58850385748806
Sun Aug 31 1952 12:00:00 GMT+0100 (BST),50.932290766953166
Fri Oct 31 1952 12:00:00 GMT+0000 (GMT),46.78466902312134
Wed Dec 31 1952 12:00:00 GMT+0000 (GMT),40.81565835720376
Sat Jan 31 1953 12:00:00 GMT+0000 (GMT),41.88333917625605
Tue Mar 31 1953 12:00:00 GMT+0100 (BST),50.882133352473296
Sun May 31 1953 12:00:00 GMT+0100 (BST),64.74389819650511
Fri Jul 31 1953 12:00:00 GMT+0100 (BST),78.12057086593532
Mon Aug 31 1953 12:00:00 GMT+0100 (BST),83.08177671784665
Sat Oct 31 1953 12:00:00 GMT+0000 (GMT),85.4176599310581
Thu Dec 31 1953 12:00:00 GMT+0000 (GMT),78.38088165842876
Sun Jan 31 1954 12:00:00 GMT+0000 (GMT),75.90015412459269
Wed Mar 31 1954 12:00:00 GMT+0100 (BST),79.31673498411311
Mon May 31 1954 12:00:00 GMT+0100 (BST),90.76245202837111
Sat Jul 31 1954 12:00:00 GMT+0100 (BST),104.5482639096396
Tue Aug 31 1954 12:00:00 GMT+0100 (BST),110.8697626862316
Sun Oct 31 1954 12:00:00 GMT+0000 (GMT),118.49436101430865
Fri Dec 31 1954 12:00:00 GMT+0000 (GMT),115.64930018748427
Mon Jan 31 1955 12:00:00 GMT+0000 (GMT),111.61324152601196
Thu Mar 31 1955 12:00:00 GMT+0100 (BST),108.93607498509758
Tue May 31 1955 12:00:00 GMT+0100 (BST),116.36874595845406
Sun Jul 31 1955 12:00:00 GMT+0100 (BST),129.126109587733
Wed Aug 31 1955 12:00:00 GMT+0100 (BST),135.93072685367832
Mon Oct 31 1955 12:00:00 GMT+0000 (GMT),146.8188604332525
Sat Dec 31 1955 12:00:00 GMT+0000 (GMT),149.59036033245079
Tue Jan 31 1956 12:00:00 GMT+0000 (GMT),146.8380130400199
Sat Mar 31 1956 12:00:00 GMT+0100 (BST),140.1750781062085
Thu May 31 1956 12:00:00 GMT+0100 (BST),142.534026998234
Tue Jul 31 1956 12:00:00 GMT+0100 (BST),153.10555176817698
Fri Aug 31 1956 12:00:00 GMT+0100 (BST),159.78013314240255
Wed Oct 31 1956 12:00:00 GMT+0000 (GMT),172.32222819846993
Mon Dec 31 1956 12:00:00 GMT+0000 (GMT),179.64273841375262
Thu Jan 31 1957 12:00:00 GMT+0000 (GMT),179.54116201772058
Sun Mar 31 1957 12:00:00 GMT+0100 (BST),173.07677699227273
Fri May 31 1957 12:00:00 GMT+0100 (BST),169.97540090895848
Wed Jul 31 1957 12:00:00 GMT+0100 (BST),177.05232570295402
Sat Aug 31 1957 12:00:00 GMT+0100 (BST),183.05898374193515
Thu Oct 31 1957 12:00:00 GMT+0000 (GMT),196.1639771533422
Tue Dec 31 1957 12:00:00 GMT+0000 (GMT),206.8234288787072
Fri Jan 31 1958 12:00:00 GMT+0000 (GMT),209.49898380845815
Mon Mar 31 1958 12:00:00 GMT+0100 (BST),206.86589998862772
Sat May 31 1958 12:00:00 GMT+0100 (BST),200.06157890832625
Thu Jul 31 1958 12:00:00 GMT+0100 (BST),202.34566012073964
Sun Aug 31 1958 12:00:00 GMT+0100 (BST),207.05949067604536
Fri Oct 31 1958 12:00:00 GMT+0000 (GMT),219.65925674600942
Wed Dec 31 1958 12:00:00 GMT+0000 (GMT),232.39201497467081
Sat Jan 31 1959 12:00:00 GMT+0000 (GMT),237.28063035788585
Tue Mar 31 1959 12:00:00 GMT+0100 (BST),240.14773617967472
Sun May 31 1959 12:00:00 GMT+0100 (BST),233.6419137934721
Fri Jul 31 1959 12:00:00 GMT+0100 (BST),230.43243310208453
Mon Aug 31 1959 12:00:00 GMT+0100 (BST),233.03193430019354
Sat Oct 31 1959 12:00:00 GMT+0000 (GMT),243.85273723481168
Thu Dec 31 1959 12:00:00 GMT+0000 (GMT),257.4736183506044
Sun Jan 31 1960 12:00:00 GMT+0000 (GMT),263.88168477467616
Thu Mar 31 1960 12:00:00 GMT+0100 (BST),271.97426013834234
Tue May 31 1960 12:00:00 GMT+0100 (BST),269.9680360651492
Sun Jul 31 1960 12:00:00 GMT+0100 (BST),262.9376635703016
Wed Aug 31 1960 12:00:00 GMT+0100 (BST),262.608632719357
Mon Oct 31 1960 12:00:00 GMT+0000 (GMT),270.00955362931666
Sat Dec 31 1960 12:00:00 GMT+0000 (GMT),283.2197286934954
Tue Jan 31 1961 12:00:00 GMT+0000 (GMT),290.422480843244
Fri Mar 31 1961 12:00:00 GMT+0100 (BST),302.15180079364086
Wed May 31 1961 12:00:00 GMT+0100 (BST),306.7569516280914
Mon Jul 31 1961 12:00:00 GMT+0100 (BST),300.7579823406445
Thu Aug 31 1961 12:00:00 GMT+0100 (BST),297.3610107026021
Tue Oct 31 1961 12:00:00 GMT+0000 (GMT),299.00557558436674
Sun Dec 31 1961 12:00:00 GMT+0000 (GMT),309.9732091286309
Wed Jan 31 1962 12:00:00 GMT+0000 (GMT),317.1917215190566
Sat Mar 31 1962 12:00:00 GMT+0100 (BST),331.0038044077304
Thu May 31 1962 12:00:00 GMT+0100 (BST),341.22269034393986
Tue Jul 31 1962 12:00:00 GMT+0100 (BST),341.42763107983325
Fri Aug 31 1962 12:00:00 GMT+0100 (BST),337.5833825207373
Wed Oct 31 1962 12:00:00 GMT+0000 (GMT),332.603854040585
Mon Dec 31 1962 12:00:00 GMT+0000 (GMT),338.8085532080182
Thu Jan 31 1963 12:00:00 GMT+0000 (GMT),345.02852042017264
Sun Mar 31 1963 12:00:00 GMT+0100 (BST),359.0503540052003
Fri May 31 1963 12:00:00 GMT+0100 (BST),12.575363262752997
Wed Jul 31 1963 12:00:00 GMT+0100 (BST),19.672753959600495
Sat Aug 31 1963 12:00:00 GMT+0100 (BST),18.909822613099017
Thu Oct 31 1963 12:00:00 GMT+0000 (GMT),11.498276502240689
Tue Dec 31 1963 12:00:00 GMT+0000 (GMT),10.66008146502632
Fri Jan 31 1964 12:00:00 GMT+0000 (GMT),14.594201464182818
Tue Mar 31 1964 12:00:00 GMT+0100 (BST),27.027176263588384
Sun May 31 1964 12:00:00 GMT+0100 (BST),41.561674250321175
Fri Jul 31 1964 12:00:00 GMT+0100 (BST),53.05868402593016
Mon Aug 31 1964 12:00:00 GMT+0100 (BST),55.85219530317527
Sat Oct 31 1964 12:00:00 GMT+0000 (GMT),52.55719166083388
Thu Dec 31 1964 12:00:00 GMT+0000 (GMT),46.04766269855916
Sun Jan 31 1965 12:00:00 GMT+0000 (GMT),46.58908908676553
Wed Mar 31 1965 12:00:00 GMT+0100 (BST),54.9107233108678
Mon May 31 1965 12:00:00 GMT+0100 (BST),68.53836770409245
Sat Jul 31 1965 12:00:00 GMT+0100 (BST),82.07425696510889
Tue Aug 31 1965 12:00:00 GMT+0100 (BST),87.29225544676198
Sun Oct 31 1965 12:00:00 GMT+0000 (GMT),90.48597054336423
Fri Dec 31 1965 12:00:00 GMT+0000 (GMT),83.79644657405306
Mon Jan 31 1966 12:00:00 GMT+0000 (GMT),80.93148090423765
Thu Mar 31 1966 12:00:00 GMT+0100 (BST),83.47725924161786
Tue May 31 1966 12:00:00 GMT+0100 (BST),94.45550281303211
Sun Jul 31 1966 12:00:00 GMT+0100 (BST),108.17737926333976
Wed Aug 31 1966 12:00:00 GMT+0100 (BST),114.6114313738686
Mon Oct 31 1966 12:00:00 GMT+0000 (GMT),122.80647435756347
Sat Dec 31 1966 12:00:00 GMT+0000 (GMT),120.74111440612927
Tue Jan 31 1967 12:00:00 GMT+0000 (GMT),116.72932900606152
Fri Mar 31 1967 12:00:00 GMT+0100 (BST),113.30921596836797
Wed May 31 1967 12:00:00 GMT+0100 (BST),120.0701870748419
Mon Jul 31 1967 12:00:00 GMT+0100 (BST),132.58451126347526
Thu Aug 31 1967 12:00:00 GMT+0100 (BST),139.40373326633483
Tue Oct 31 1967 12:00:00 GMT+0000 (GMT),150.61101379386662
Sun Dec 31 1967 12:00:00 GMT+0000 (GMT),154.11623210475514
Wed Jan 31 1968 12:00:00 GMT+0000 (GMT),151.70104260970515
Sun Mar 31 1968 12:00:00 GMT+0100 (BST),144.78894240196823
Fri May 31 1968 12:00:00 GMT+0100 (BST),146.36590279775714
Wed Jul 31 1968 12:00:00 GMT+0100 (BST),156.52827147449557
Sat Aug 31 1968 12:00:00 GMT+0100 (BST),163.14283423100426
Thu Oct 31 1968 12:00:00 GMT+0000 (GMT),175.82859460235895
Tue Dec 31 1968 12:00:00 GMT+0000 (GMT),183.69775423528935
Fri Jan 31 1969 12:00:00 GMT+0000 (GMT),184.00322416036323
Mon Mar 31 1969 12:00:00 GMT+0100 (BST),177.88569043655687
Sat May 31 1969 12:00:00 GMT+0100 (BST),174.10549371795182
Thu Jul 31 1969 12:00:00 GMT+0100 (BST),180.58868114871643
Sun Aug 31 1969 12:00:00 GMT+0100 (BST),186.45583551215566
Fri Oct 31 1969 12:00:00 GMT+0000 (GMT),199.55557318395716
Wed Dec 31 1969 12:00:00 GMT+0000 (GMT),210.57655437476006
Sat Jan 31 1970 12:00:00 GMT+0000 (GMT),213.60059912710759
Tue Mar 31 1970 12:00:00 GMT+0000 (BST),211.68883114831706
Sun May 31 1970 12:00:00 GMT+0000 (BST),204.64688656553986
Fri Jul 31 1970 12:00:00 GMT+0000 (BST),206.17637329129857
Mon Aug 31 1970 12:00:00 GMT+0000 (BST),210.64948745779006
Sat Oct 31 1970 12:00:00 GMT+0000 (GMT),223.08567929627702
Thu Dec 31 1970 12:00:00 GMT+0000 (GMT),236.01365893908627
Sun Jan 31 1971 12:00:00 GMT+0000 (GMT),241.15624266073297
Wed Mar 31 1971 12:00:00 GMT+0000 (BST),244.7980502817094
Mon May 31 1971 12:00:00 GMT+0000 (BST),238.7117841348719
Sat Jul 31 1971 12:00:00 GMT+0000 (BST),234.78488632564165
Tue Aug 31 1971 12:00:00 GMT+0000 (BST),237.01288180483888
Sun Oct 31 1971 12:00:00 GMT+0000 (GMT),247.45756967598285
Fri Dec 31 1971 12:00:00 GMT+0000 (GMT),261.10198220485796
Mon Jan 31 1972 12:00:00 GMT+0000 (GMT),267.66539356109723
Fri Mar 31 1972 12:00:00 GMT+0100 (BST),276.39406407319893
Wed May 31 1972 12:00:00 GMT+0100 (BST),275.2663560802599
Mon Jul 31 1972 12:00:00 GMT+0100 (BST),268.0129377702375
Thu Aug 31 1972 12:00:00 GMT+0100 (BST),267.2157702449369
Tue Oct 31 1972 12:00:00 GMT+0000 (GMT),273.95023662008253
Sun Dec 31 1972 12:00:00 GMT+0000 (GMT),286.97197253643805
Wed Jan 31 1973 12:00:00 GMT+0000 (GMT),294.2283517439001
Sat Mar 31 1973 12:00:00 GMT+0100 (BST),306.3555026526059
Thu May 31 1973 12:00:00 GMT+0100 (BST),311.85349312512585
Tue Jul 31 1973 12:00:00 GMT+0100 (BST),306.4826777836535
Fri Aug 31 1973 12:00:00 GMT+0100 (BST),302.7966930217887
Wed Oct 31 1973 12:00:00 GMT+0000 (GMT),303.4913243012486
Mon Dec 31 1973 12:00:00 GMT+0000 (GMT),313.9601224539792
Thu Jan 31 1974 12:00:00 GMT+0000 (GMT),321.10633765264663
Sun Mar 31 1974 12:00:00 GMT+0100 (BST),335.0623405284466
Fri May 31 1974 12:00:00 GMT+0100 (BST),345.88764464420734
Wed Jul 31 1974 12:00:00 GMT+0100 (BST),347.12221746441355
Sat Aug 31 1974 12:00:00 GMT+0100 (BST),343.5408204527623
Thu Oct 31 1974 12:00:00 GMT+0000 (GMT),337.83465557857505
Tue Dec 31 1974 12:00:00 GMT+0000 (GMT),343.1585724833495
Fri Jan 31 1975 12:00:00 GMT+0000 (GMT),349.1425672237101
Mon Mar 31 1975 12:00:00 GMT+0100 (BST),3.036767578396337
Sat May 31 1975 12:00:00 GMT+0100 (BST),16.833490162819636
Thu Jul 31 1975 12:00:00 GMT+0100 (BST),24.72433123245375
Sun Aug 31 1975 12:00:00 GMT+0100 (BST),24.506969435609403
Fri Oct 31 1975 12:00:00 GMT+0000 (GMT),17.34100092943541
Wed Dec 31 1975 12:00:00 GMT+0000 (GMT),15.495908061125618
Sat Jan 31 1976 12:00:00 GMT+0000 (GMT),19.003084612398634
Wed Mar 31 1976 12:00:00 GMT+0100 (BST),31.00632634720149
Mon May 31 1976 12:00:00 GMT+0100 (BST),45.52649615810131
Sat Jul 31 1976 12:00:00 GMT+0100 (BST),57.44440572188674
Tue Aug 31 1976 12:00:00 GMT+0100 (BST),60.660575287107555
Sun Oct 31 1976 12:00:00 GMT+0000 (GMT),58.25994242412903
Fri Dec 31 1976 12:00:00 GMT+0000 (GMT),51.33241246122017
Mon Jan 31 1977 12:00:00 GMT+0000 (GMT),51.34632772614784
Thu Mar 31 1977 12:00:00 GMT+0100 (BST),58.95297952779953
Tue May 31 1977 12:00:00 GMT+0100 (BST),72.31280223670305
Sun Jul 31 1977 12:00:00 GMT+0100 (BST),85.97246063517208
Wed Aug 31 1977 12:00:00 GMT+0100 (BST),91.42360149851491
Mon Oct 31 1977 12:00:00 GMT+0000 (GMT),95.44034805941492
Sat Dec 31 1977 12:00:00 GMT+0000 (GMT),89.19636028294798
Tue Jan 31 1978 12:00:00 GMT+0000 (GMT),85.99451880920407
Fri Mar 31 1978 12:00:00 GMT+0100 (BST),87.66321832798698
Wed May 31 1978 12:00:00 GMT+0100 (BST),98.14305995752402
Mon Jul 31 1978 12:00:00 GMT+0100 (BST),111.77436892066946
Thu Aug 31 1978 12:00:00 GMT+0100 (BST),118.30512498291327
Tue Oct 31 1978 12:00:00 GMT+0000 (GMT),127.03094172132141
Sun Dec 31 1978 12:00:00 GMT+0000 (GMT),125.75945215984129
Wed Jan 31 1979 12:00:00 GMT+0000 (GMT),121.82926863827048
Sat Mar 31 1979 12:00:00 GMT+0100 (BST),117.71734122244155
Thu May 31 1979 12:00:00 GMT+0100 (BST),123.7829159135332
Tue Jul 31 1979 12:00:00 GMT+0100 (BST),136.0303266124022
Fri Aug 31 1979 12:00:00 GMT+0100 (BST),142.8526533791325
Wed Oct 31 1979 12:00:00 GMT+0000 (GMT),154.3502034654254
Mon Dec 31 1979 12:00:00 GMT+0000 (GMT),158.56539994329844
Thu Jan 31 1980 12:00:00 GMT+0000 (GMT),156.51024471066637
Mon Mar 31 1980 12:00:00 GMT+0100 (BST),149.43701578104094
Sat May 31 1980 12:00:00 GMT+0100 (BST),150.22938410166716
Thu Jul 31 1980 12:00:00 GMT+0100 (BST),159.95754167801383
Sun Aug 31 1980 12:00:00 GMT+0100 (BST),166.5015620169445
Fri Oct 31 1980 12:00:00 GMT+0000 (GMT),179.30912010668743
Wed Dec 31 1980 12:00:00 GMT+0000 (GMT),187.69934177877312
Sat Jan 31 1981 12:00:00 GMT+0000 (GMT),188.40869915720907
Tue Mar 31 1981 12:00:00 GMT+0100 (BST),182.70929999380098
Sun May 31 1981 12:00:00 GMT+0100 (BST),178.29073936241534
Fri Jul 31 1981 12:00:00 GMT+0100 (BST),184.15423783210187
Mon Aug 31 1981 12:00:00 GMT+0100 (BST),189.86945274671567
Sat Oct 31 1981 12:00:00 GMT+0000 (GMT),202.94334617518442
Thu Dec 31 1981 12:00:00 GMT+0000 (GMT),214.3016966982328
Sun Jan 31 1982 12:00:00 GMT+0000 (GMT),217.6618624330193
Wed Mar 31 1982 12:00:00 GMT+0100 (BST),216.49676635175214
Mon May 31 1982 12:00:00 GMT+0100 (BST),209.30316023716432
Sat Jul 31 1982 12:00:00 GMT+0100 (BST),210.06506017657534
Tue Aug 31 1982 12:00:00 GMT+0100 (BST),214.28077200918597
Sun Oct 31 1982 12:00:00 GMT+0000 (GMT),226.5280097541432
Fri Dec 31 1982 12:00:00 GMT+0000 (GMT),239.62835700721644
Mon Jan 31 1983 12:00:00 GMT+0000 (GMT),245.01118864117757
Thu Mar 31 1983 12:00:00 GMT+0100 (BST),249.41511866194895
Tue May 31 1983 12:00:00 GMT+0100 (BST),243.83510593159713
Sun Jul 31 1983 12:00:00 GMT+0100 (BST),239.22929828102536
Wed Aug 31 1983 12:00:00 GMT+0100 (BST),241.06700430565832
Mon Oct 31 1983 12:00:00 GMT+0000 (GMT),251.0992295951495
Sat Dec 31 1983 12:00:00 GMT+0000 (GMT),264.7405643903378
Tue Jan 31 1984 12:00:00 GMT+0000 (GMT),271.4453139478374
Sat Mar 31 1984 12:00:00 GMT+0100 (BST),280.78000581160967
Thu May 31 1984 12:00:00 GMT+0100 (BST),280.56100677358336
Tue Jul 31 1984 12:00:00 GMT+0100 (BST),273.19647818603124
Fri Aug 31 1984 12:00:00 GMT+0100 (BST),271.93146955037196
Wed Oct 31 1984 12:00:00 GMT+0000 (GMT),277.95310930644405
Mon Dec 31 1984 12:00:00 GMT+0000 (GMT),290.74961250576325
Thu Jan 31 1985 12:00:00 GMT+0000 (GMT),298.043743281925
Sun Mar 31 1985 12:00:00 GMT+0100 (BST),310.53417129801863
Fri May 31 1985 12:00:00 GMT+0100 (BST),316.8960217793788
Wed Jul 31 1985 12:00:00 GMT+0100 (BST),312.25372155264785
Sat Aug 31 1985 12:00:00 GMT+0100 (BST),308.3414607323224
Thu Oct 31 1985 12:00:00 GMT+0000 (GMT),308.0709487967731
Tue Dec 31 1985 12:00:00 GMT+0000 (GMT),317.98932687026723
Fri Jan 31 1986 12:00:00 GMT+0000 (GMT),325.0430214533295
Mon Mar 31 1986 12:00:00 GMT+0100 (BST),339.1064660230698
Sat May 31 1986 12:00:00 GMT+0100 (BST),350.49072309170174
Thu Jul 31 1986 12:00:00 GMT+0100 (BST),352.7501387476435
Sun Aug 31 1986 12:00:00 GMT+0100 (BST),349.5026138337579
Fri Oct 31 1986 12:00:00 GMT+0000 (GMT),343.1728345740022
Wed Dec 31 1986 12:00:00 GMT+0000 (GMT),347.5698873632367
Sat Jan 31 1987 12:00:00 GMT+0000 (GMT),353.29191125749617
Tue Mar 31 1987 12:00:00 GMT+0100 (BST),7.018617174801274
Sun May 31 1987 12:00:00 GMT+0100 (BST),21.04342375152226
Fri Jul 31 1987 12:00:00 GMT+0100 (BST),29.673912722446616
Mon Aug 31 1987 12:00:00 GMT+0100 (BST),30.00024851034612
Sat Oct 31 1987 12:00:00 GMT+0000 (GMT),23.218539641197466
Thu Dec 31 1987 12:00:00 GMT+0000 (GMT),20.40412661174501
Sun Jan 31 1988 12:00:00 GMT+0000 (GMT),23.460209252161025
Thu Mar 31 1988 12:00:00 GMT+0100 (BST),34.98996554946575
Tue May 31 1988 12:00:00 GMT+0100 (BST),49.45861493508458
Sun Jul 31 1988 12:00:00 GMT+0100 (BST),61.74983083337551
Wed Aug 31 1988 12:00:00 GMT+0100 (BST),65.36087081064686
Mon Oct 31 1988 12:00:00 GMT+0000 (GMT),63.87999158118582
Sat Dec 31 1988 12:00:00 GMT+0000 (GMT),56.66290998530954
Tue Jan 31 1989 12:00:00 GMT+0000 (GMT),56.15429276172928
Fri Mar 31 1989 12:00:00 GMT+0100 (BST),63.01051211912523
Wed May 31 1989 12:00:00 GMT+0100 (BST),76.06919366965063
Mon Jul 31 1989 12:00:00 GMT+0100 (BST),89.8187979646361
Thu Aug 31 1989 12:00:00 GMT+0100 (BST),95.48061572642341
Tue Oct 31 1989 12:00:00 GMT+0000 (GMT),100.28212778366692
Sun Dec 31 1989 12:00:00 GMT+0000 (GMT),94.56994827242934
Wed Jan 31 1990 12:00:00 GMT+0000 (GMT),91.08379086984004
Sat Mar 31 1990 12:00:00 GMT+0100 (BST),91.8762296624738
Thu May 31 1990 12:00:00 GMT+0100 (BST),101.82727421156405
Tue Jul 31 1990 12:00:00 GMT+0100 (BST),115.34208798702683
Fri Aug 31 1990 12:00:00 GMT+0100 (BST),121.95452974738444
Wed Oct 31 1990 12:00:00 GMT+0000 (GMT),131.1728069706345
Mon Dec 31 1990 12:00:00 GMT+0000 (GMT),130.70077593884452
Thu Jan 31 1991 12:00:00 GMT+0000 (GMT),126.90609954445654
Sun Mar 31 1991 12:00:00 GMT+0100 (BST),122.1611507985004
Fri May 31 1991 12:00:00 GMT+0100 (BST),127.50956276695068
Wed Jul 31 1991 12:00:00 GMT+0100 (BST),139.46618701713697
Sat Aug 31 1991 12:00:00 GMT+0100 (BST),146.28043704652802
Thu Oct 31 1991 12:00:00 GMT+0000 (GMT),158.04070411425954
Tue Dec 31 1991 12:00:00 GMT+0000 (GMT),162.9403448010911
Fri Jan 31 1992 12:00:00 GMT+0000 (GMT),161.26315679780288
Tue Mar 31 1992 12:00:00 GMT+0100 (BST),154.1177368990053
Sun May 31 1992 12:00:00 GMT+0100 (BST),154.12767027252949
Fri Jul 31 1992 12:00:00 GMT+0100 (BST),163.39624608192713
Mon Aug 31 1992 12:00:00 GMT+0100 (BST),169.85910173197576
Sat Oct 31 1992 12:00:00 GMT+0000 (GMT),182.76712212285221
Thu Dec 31 1992 12:00:00 GMT+0000 (GMT),191.65118433412454
Sun Jan 31 1993 12:00:00 GMT+0000 (GMT),192.7590976743582
Wed Mar 31 1993 12:00:00 GMT+0100 (BST),187.54355391177273
Mon May 31 1993 12:00:00 GMT+0100 (BST),182.53421388528648
Sat Jul 31 1993 12:00:00 GMT+0100 (BST),187.75256677368418
Tue Aug 31 1993 12:00:00 GMT+0100 (BST),193.30292707611926
Sun Oct 31 1993 12:00:00 GMT+0000 (GMT),206.33009578527484
Fri Dec 31 1993 12:00:00 GMT+0000 (GMT),218.0020661835226
Mon Jan 31 1994 12:00:00 GMT+0000 (GMT),221.68554123531962
Thu Mar 31 1994 12:00:00 GMT+0100 (BST),221.28604155774283
Tue May 31 1994 12:00:00 GMT+0100 (BST),214.0306030025788
Sun Jul 31 1994 12:00:00 GMT+0100 (BST),214.01627879244666
Wed Aug 31 1994 12:00:00 GMT+0100 (BST),217.9572658994981
Mon Oct 31 1994 12:00:00 GMT+0000 (GMT),229.98899675595925
Sat Dec 31 1994 12:00:00 GMT+0000 (GMT),243.23868391879705
Tue Jan 31 1995 12:00:00 GMT+0000 (GMT),248.8480308201544
Fri Mar 31 1995 12:00:00 GMT+0100 (BST),253.9979475796804
Wed May 31 1995 12:00:00 GMT+0100 (BST),249.00552234577094
Mon Jul 31 1995 12:00:00 GMT+0100 (BST),243.77000242681248
Thu Aug 31 1995 12:00:00 GMT+0100 (BST),245.19936474630447
Tue Oct 31 1995 12:00:00 GMT+0000 (GMT),254.78094419289317
Sun Dec 31 1995 12:00:00 GMT+0000 (GMT),268.3915750991191
Wed Jan 31 1996 12:00:00 GMT+0000 (GMT),275.2235287839817
Sun Mar 31 1996 12:00:00 GMT+0100 (BST),285.1329800897215
Fri May 31 1996 12:00:00 GMT+0100 (BST),285.8429320453379
Wed Jul 31 1996 12:00:00 GMT+0100 (BST),278.48577477952654
Sat Aug 31 1996 12:00:00 GMT+0100 (BST),276.75964774445936
Thu Oct 31 1996 12:00:00 GMT+0000 (GMT),282.02234784303766
Tue Dec 31 1996 12:00:00 GMT+0000 (GMT),294.55486977291787
Fri Jan 31 1997 12:00:00 GMT+0000 (GMT),301.87043628039174
Mon Mar 31 1997 12:00:00 GMT+0100 (BST),314.68930986191117
Sat May 31 1997 12:00:00 GMT+0100 (BST),321.8810929386451
Thu Jul 31 1997 12:00:00 GMT+0100 (BST),318.05517683816316
Sun Aug 31 1997 12:00:00 GMT+0100 (BST),313.98761350287054
Fri Oct 31 1997 12:00:00 GMT+0000 (GMT),312.7485993631458
Wed Dec 31 1997 12:00:00 GMT+0000 (GMT),322.0634059297789
Sat Jan 31 1998 12:00:00 GMT+0000 (GMT),329.0035610642767
Tue Mar 31 1998 12:00:00 GMT+0100 (BST),343.1376258857038
Sun May 31 1998 12:00:00 GMT+0100 (BST),355.0332027173027
Fri Jul 31 1998 12:00:00 GMT+0100 (BST),358.3005574996799
Mon Aug 31 1998 12:00:00 GMT+0100 (BST),355.4490573983909
Sat Oct 31 1998 12:00:00 GMT+0000 (GMT),348.61500043600927
Thu Dec 31 1998 12:00:00 GMT+0000 (GMT),352.0450179844699
Sun Jan 31 1999 12:00:00 GMT+0000 (GMT),357.4784912786231
Wed Mar 31 1999 12:00:00 GMT+0100 (BST),10.997249795786441
Mon May 31 1999 12:00:00 GMT+0100 (BST),25.20749290188552
Sat Jul 31 1999 12:00:00 GMT+0100 (BST),34.52288891986583
Tue Aug 31 1999 12:00:00 GMT+0100 (BST),35.383711066061394
Sun Oct 31 1999 12:00:00 GMT+0000 (GMT),29.11318971227874
Fri Dec 31 1999 12:00:00 GMT+0000 (GMT),25.384112820158613
Mon Jan 31 2000 12:00:00 GMT+0000 (GMT),27.966987020794637
Fri Mar 31 2000 12:00:00 GMT+0100 (BST),38.97952666507783
Wed May 31 2000 12:00:00 GMT+0100 (BST),53.360172756080246
Mon Jul 31 2000 12:00:00 GMT+0100 (BST),65.97915655001268
Thu Aug 31 2000 12:00:00 GMT+0100 (BST),69.9571430252859
Tue Oct 31 2000 12:00:00 GMT+0000 (GMT),69.40664467752744
Sun Dec 31 2000 12:00:00 GMT+0000 (GMT),62.03105916083224
Wed Jan 31 2001 12:00:00 GMT+0000 (GMT),61.0116504083666
Sat Mar 31 2001 12:00:00 GMT+0100 (BST),67.08495573318342
Thu May 31 2001 12:00:00 GMT+0100 (BST),79.80953260312164
Tue Jul 31 2001 12:00:00 GMT+0100 (BST),93.61675406131633
Fri Aug 31 2001 12:00:00 GMT+0100 (BST),99.46796909231252
Wed Oct 31 2001 12:00:00 GMT+0000 (GMT),105.0137583113272
Mon Dec 31 2001 12:00:00 GMT+0000 (GMT),99.90704280276083
Thu Jan 31 2002 12:00:00 GMT+0000 (GMT),96.19323323064364
Sun Mar 31 2002 12:00:00 GMT+0100 (BST),96.11785745211404
Fri May 31 2002 12:00:00 GMT+0100 (BST),105.5103461740344
Wed Jul 31 2002 12:00:00 GMT+0100 (BST),118.88332723027976
Sat Aug 31 2002 12:00:00 GMT+0100 (BST),125.56319207362148
Thu Oct 31 2002 12:00:00 GMT+0000 (GMT),135.2371116173989
Tue Dec 31 2002 12:00:00 GMT+0000 (GMT),135.5627058235805
Fri Jan 31 2003 12:00:00 GMT+0000 (GMT),131.95322652841176
Mon Mar 31 2003 12:00:00 GMT+0100 (BST),126.64109370294098
Sat May 31 2003 12:00:00 GMT+0100 (BST),131.25283951328174
Thu Jul 31 2003 12:00:00 GMT+0100 (BST),142.89473265754566
Sun Aug 31 2003 12:00:00 GMT+0100 (BST),149.68997955865765
Fri Oct 31 2003 12:00:00 GMT+0000 (GMT),161.68663422786608
Wed Dec 31 2003 12:00:00 GMT+0000 (GMT),167.2439409921269
Sat Jan 31 2004 12:00:00 GMT+0000 (GMT),165.95805043707554
Wed Mar 31 2004 12:00:00 GMT+0100 (BST),158.82913239601396
Mon May 31 2004 12:00:00 GMT+0100 (BST),158.06401472053145
Sat Jul 31 2004 12:00:00 GMT+0100 (BST),166.84733746855233
Tue Aug 31 2004 12:00:00 GMT+0100 (BST),173.2182524670135
Sun Oct 31 2004 12:00:00 GMT+0000 (GMT),186.20581710467596
Fri Dec 31 2004 12:00:00 GMT+0000 (GMT),195.55694999952973
Mon Jan 31 2005 12:00:00 GMT+0000 (GMT),197.05626199371218
Thu Mar 31 2005 12:00:00 GMT+0100 (BST),192.38423600872682
Tue May 31 2005 12:00:00 GMT+0100 (BST),186.83881811896202
Sun Jul 31 2005 12:00:00 GMT+0100 (BST),191.387367381263
Wed Aug 31 2005 12:00:00 GMT+0100 (BST),196.75943252017217
Mon Oct 31 2005 12:00:00 GMT+0000 (GMT),209.71858676712995
Sat Dec 31 2005 12:00:00 GMT+0000 (GMT),221.68077849276725
Tue Jan 31 2006 12:00:00 GMT+0000 (GMT),225.6744265003706
Fri Mar 31 2006 12:00:00 GMT+0100 (BST),226.0533059151321
Wed May 31 2006 12:00:00 GMT+0100 (BST),218.82866563315238
Mon Jul 31 2006 12:00:00 GMT+0100 (BST),218.03470074439582
Thu Aug 31 2006 12:00:00 GMT+0100 (BST),221.68304776327028
Tue Oct 31 2006 12:00:00 GMT+0000 (GMT),233.47142138169235
Sun Dec 31 2006 12:00:00 GMT+0000 (GMT),246.84714388699686
Wed Jan 31 2007 12:00:00 GMT+0000 (GMT),252.6692663292573
Sat Mar 31 2007 12:00:00 GMT+0100 (BST),258.5459078106327
Thu May 31 2007 12:00:00 GMT+0100 (BST),254.21581492905034
Tue Jul 31 2007 12:00:00 GMT+0100 (BST),248.41093709365995
Fri Aug 31 2007 12:00:00 GMT+0100 (BST),249.41512349304531
Wed Oct 31 2007 12:00:00 GMT+0000 (GMT),258.50605517913044
Mon Dec 31 2007 12:00:00 GMT+0000 (GMT),272.05720421563046
Thu Jan 31 2008 12:00:00 GMT+0000 (GMT),279.00206430921014
Mon Mar 31 2008 12:00:00 GMT+0100 (BST),289.4540410306047
Sat May 31 2008 12:00:00 GMT+0100 (BST),291.10350722138014
Thu Jul 31 2008 12:00:00 GMT+0100 (BST),283.8764710109929
Sun Aug 31 2008 12:00:00 GMT+0100 (BST),281.703445051874
Fri Oct 31 2008 12:00:00 GMT+0000 (GMT),286.1622640220894
Wed Dec 31 2008 12:00:00 GMT+0000 (GMT),298.39000151253794
Sat Jan 31 2009 12:00:00 GMT+0000 (GMT),305.7101946966834
Tue Mar 31 2009 12:00:00 GMT+0100 (BST),318.8224345889981
Sun May 31 2009 12:00:00 GMT+0100 (BST),326.8061620082769
Fri Jul 31 2009 12:00:00 GMT+0100 (BST),323.8702635218194
Mon Aug 31 2009 12:00:00 GMT+0100 (BST),319.72493073867565
Sat Oct 31 2009 12:00:00 GMT+0000 (GMT),317.52804878697964
Thu Dec 31 2009 12:00:00 GMT+0000 (GMT),326.1849963888855
Sun Jan 31 2010 12:00:00 GMT+0000 (GMT),332.9897669587755
Wed Mar 31 2010 12:00:00 GMT+0100 (BST),347.15724497579134
Mon May 31 2010 12:00:00 GMT+0100 (BST),359.5166755920908
Sat Jul 31 2010 12:00:00 GMT+0100 (BST),3.764698012859015
Tue Aug 31 2010 12:00:00 GMT+0100 (BST),1.3610643872267032
Sun Oct 31 2010 12:00:00 GMT+0000 (GMT),354.15571951266077
Fri Dec 31 2010 12:00:00 GMT+0000 (GMT),356.58632083093386
Mon Jan 31 2011 12:00:00 GMT+0000 (GMT),1.7042452045661445
Thu Mar 31 2011 12:00:00 GMT+0100 (BST),14.974012108034282
Tue May 31 2011 12:00:00 GMT+0100 (BST),29.328023836941504
Sun Jul 31 2011 12:00:00 GMT+0100 (BST),39.27352506342469
Wed Aug 31 2011 12:00:00 GMT+0100 (BST),40.65365189084601
Mon Oct 31 2011 12:00:00 GMT+0000 (GMT),35.00654806254921
Sat Dec 31 2011 12:00:00 GMT+0000 (GMT),30.43436529962476
Tue Jan 31 2012 12:00:00 GMT+0000 (GMT),32.52460968714461
Sat Mar 31 2012 12:00:00 GMT+0100 (BST),42.97646807732637
Thu May 31 2012 12:00:00 GMT+0100 (BST),57.23327244580449
Tue Jul 31 2012 12:00:00 GMT+0100 (BST),70.13655631143084
Fri Aug 31 2012 12:00:00 GMT+0100 (BST),74.45388000711304
Wed Oct 31 2012 12:00:00 GMT+0000 (GMT),74.83152609051962
Mon Dec 31 2012 12:00:00 GMT+0000 (GMT),67.42777591546198
Thu Jan 31 2013 12:00:00 GMT+0000 (GMT),65.9164417105941
Sun Mar 31 2013 12:00:00 GMT+0100 (BST),71.1779648591846
Fri May 31 2013 12:00:00 GMT+0100 (BST),83.535815927158
Wed Jul 31 2013 12:00:00 GMT+0100 (BST),97.36968790539085
Sat Aug 31 2013 12:00:00 GMT+0100 (BST),103.39018111898078
Thu Oct 31 2013 12:00:00 GMT+0000 (GMT),109.6385605747571
Tue Dec 31 2013 12:00:00 GMT+0000 (GMT),105.19822128093901