 1901-Jan-31 12:00, , ,272.5339929,  0.2699257,
 1901-Mar-31 12:00, , ,281.6471372,  0.2026495,
 1901-May-31 12:00, , ,281.6355239,  0.1039173,
 1901-Jul-31 12:00, , ,274.6352795, -0.0349763,
 1901-Aug-31 12:00, , ,273.2252765, -0.0978592,
 1901-Oct-31 12:00, , ,278.7125172, -0.1895171,
 1901-Dec-31 12:00, , ,291.2751348, -0.2695905,
 1902-Jan-31 12:00, , ,298.5373438, -0.3183568,
 1902-Mar-31 12:00, , ,310.9174305, -0.4479005,
 1902-May-31 12:00, , ,317.2059615, -0.6563764,
 1902-Jul-31 12:00, , ,313.0009951, -0.8765201,
 1902-Aug-31 12:00, , ,309.2245337, -0.9193874,
 1902-Oct-31 12:00, , ,308.5995429, -0.8717345,
 1902-Dec-31 12:00, , ,318.2305254, -0.8222568,
 1903-Jan-31 12:00, , ,325.2445794, -0.8271308,
 1903-Mar-31 12:00, , ,339.2038080, -0.9069175,
 1903-May-31 12:00, , ,350.3872097, -1.1045540,
 1903-Jul-31 12:00, , ,352.8202572, -1.4003704,
 1903-Aug-31 12:00, , ,349.8462717, -1.5125388,
 1903-Oct-31 12:00, , ,343.5615331, -1.4454394,
 1903-Dec-31 12:00, , ,347.6830378, -1.2193787,
 1904-Jan-31 12:00, , ,353.3723591, -1.1408682,
 1904-Mar-31 12:00, , ,  7.2985907, -1.0884222,
 1904-May-31 12:00, , , 21.0996455, -1.1633086,
 1904-Jul-31 12:00, , , 29.5785325, -1.3633477,
 1904-Aug-31 12:00, , , 30.0030270, -1.4885443,
 1904-Oct-31 12:00, , , 23.4944130, -1.5571768,
 1904-Dec-31 12:00, , , 20.6635634, -1.2846033,
 1905-Jan-31 12:00, , , 23.7665869, -1.1383196,
 1905-Mar-31 12:00, , , 35.1671650, -0.9566684,
 1905-May-31 12:00, , , 49.5201631, -0.8898222,
 1905-Jul-31 12:00, , , 61.7372968, -0.9187111,
 1905-Aug-31 12:00, , , 65.4666230, -0.9619909,
 1905-Oct-31 12:00, , , 64.4523393, -1.0300367,
 1905-Dec-31 12:00, , , 57.2175848, -0.8821907,
 1906-Jan-31 12:00, , , 56.6289506, -0.7478289,
 1906-Mar-31 12:00, , , 63.4847114, -0.5357372,
 1906-May-31 12:00, , , 76.4669073, -0.4015870,
 1906-Jul-31 12:00, , , 90.1092449, -0.3187735,
 1906-Aug-31 12:00, , , 95.8288101, -0.2854245,
 1906-Oct-31 12:00, , ,101.0643991, -0.2126950,
 1906-Dec-31 12:00, , , 95.6185533, -0.0914561,
 1907-Jan-31 12:00, , , 92.0579986, -0.0171957,
 1907-Mar-31 12:00, , , 92.7730029,  0.0976168,
 1907-May-31 12:00, , ,102.6317727,  0.1840017,
 1907-Jul-31 12:00, , ,115.9860779,  0.2729514,
 1907-Aug-31 12:00, , ,122.5978378,  0.3298998,
 1907-Oct-31 12:00, , ,132.1377383,  0.4873123,
 1907-Dec-31 12:00, , ,132.1269546,  0.7017571,
 1908-Jan-31 12:00, , ,128.3885643,  0.7851827,
 1908-Mar-31 12:00, , ,123.5650073,  0.8037967,
 1908-May-31 12:00, , ,128.9228327,  0.7577059,
 1908-Jul-31 12:00, , ,140.6955222,  0.7629743,
 1908-Aug-31 12:00, , ,147.4440441,  0.7956077,
 1908-Oct-31 12:00, , ,159.3155017,  0.9353455,
 1908-Dec-31 12:00, , ,164.5212102,  1.1862251,
 1909-Jan-31 12:00, , ,162.9368728,  1.3191463,
 1909-Mar-31 12:00, , ,155.9854558,  1.3783791,
 1909-May-31 12:00, , ,155.8424430,  1.2133250,
 1909-Jul-31 12:00, , ,164.7653830,  1.0882167,
 1909-Aug-31 12:00, , ,171.0869290,  1.0675447,
 1909-Oct-31 12:00, , ,183.9974854,  1.1191680,
 1909-Dec-31 12:00, , ,193.2317445,  1.3048891,
 1910-Jan-31 12:00, , ,194.5446109,  1.4392047,
 1910-Mar-31 12:00, , ,189.6237914,  1.6026418,
 1910-May-31 12:00, , ,184.6168099,  1.4401899,
 1910-Jul-31 12:00, , ,189.4238212,  1.2030640,
 1910-Aug-31 12:00, , ,194.7515510,  1.1240806,
 1910-Oct-31 12:00, , ,207.5942665,  1.0652872,
 1910-Dec-31 12:00, , ,219.4468219,  1.1322577,
 1911-Jan-31 12:00, , ,223.2760311,  1.2114119,
 1911-Mar-31 12:00, , ,223.1764405,  1.3760473,
 1911-May-31 12:00, , ,216.1977689,  1.3188773,
 1911-Jul-31 12:00, , ,215.8613378,  1.0578412,
 1911-Aug-31 12:00, , ,219.5156050,  0.9416394,
 1911-Oct-31 12:00, , ,231.1779188,  0.7963747,
 1911-Dec-31 12:00, , ,244.4317789,  0.7497284,
 1912-Jan-31 12:00, , ,250.1052783,  0.7571698,
 1912-Mar-31 12:00, , ,255.3954229,  0.8053674,
 1912-May-31 12:00, , ,250.6492162,  0.7859301,
 1912-Jul-31 12:00, , ,245.5548586,  0.5994209,
 1912-Aug-31 12:00, , ,246.7987206,  0.4930892,
 1912-Oct-31 12:00, , ,255.9834651,  0.3330602,
 1912-Dec-31 12:00, , ,269.4724150,  0.2286503,
 1913-Jan-31 12:00, , ,276.2834899,  0.1862537,
 1913-Mar-31 12:00, , ,285.9467374,  0.1042069,
 1913-May-31 12:00, , ,286.8242834, -0.0127722,
 1913-Jul-31 12:00, , ,279.8704811, -0.1539507,
 1913-Aug-31 12:00, , ,278.0323510, -0.2093783,
 1913-Oct-31 12:00, , ,282.7653729, -0.2827676,
 1913-Dec-31 12:00, , ,295.0476450, -0.3509093,
 1914-Jan-31 12:00, , ,302.3256282, -0.3967798,
 1914-Mar-31 12:00, , ,315.0236718, -0.5260174,
 1914-May-31 12:00, , ,322.1060496, -0.7416334,
 1914-Jul-31 12:00, , ,318.6876848, -0.9788540,
 1914-Aug-31 12:00, , ,314.7927504, -1.0272343,
 1914-Oct-31 12:00, , ,313.2480220, -0.9642775,
 1914-Dec-31 12:00, , ,322.2697954, -0.8900527,
 1915-Jan-31 12:00, , ,329.1682455, -0.8849047,
 1915-Mar-31 12:00, , ,343.1984718, -0.9497841,
 1915-May-31 12:00, , ,354.8807350, -1.1350100,
 1915-Jul-31 12:00, , ,358.2746538, -1.4273803,
 1915-Aug-31 12:00, , ,355.6906475, -1.5485280,
 1915-Oct-31 12:00, , ,348.9622785, -1.4968666,
 1915-Dec-31 12:00, , ,352.1288699, -1.2523221,
 1916-Jan-31 12:00, , ,357.5310133, -1.1617509,
 1916-Mar-31 12:00, , , 11.2584698, -1.0884659,
 1916-May-31 12:00, , , 25.2567077, -1.1423036,
 1916-Jul-31 12:00, , , 34.4063660, -1.3193243,
 1916-Aug-31 12:00, , , 35.3462434, -1.4368056,
 1916-Oct-31 12:00, , , 29.3451364, -1.5193262,
 1916-Dec-31 12:00, , , 25.6173600, -1.2581845,
 1917-Jan-31 12:00, , , 28.2533337, -1.1078670,
 1917-Mar-31 12:00, , , 39.1595638, -0.9141974,
 1917-May-31 12:00, , , 53.4346029, -0.8320908,
 1917-Jul-31 12:00, , , 65.9724556, -0.8400512,
 1917-Aug-31 12:00, , , 70.0564196, -0.8704774,
 1917-Oct-31 12:00, , , 69.9669186, -0.9221130,
 1917-Dec-31 12:00, , , 62.6109817, -0.7892119,
 1918-Jan-31 12:00, , , 61.5116163, -0.6630391,
 1918-Mar-31 12:00, , , 67.5864351, -0.4580116,
 1918-May-31 12:00, , , 80.2434023, -0.3234760,
 1918-Jul-31 12:00, , , 93.9427226, -0.2333598,
 1918-Aug-31 12:00, , , 99.8453166, -0.1933190,
 1918-Oct-31 12:00, , ,105.8124770, -0.1026774,
 1918-Dec-31 12:00, , ,101.0049542,  0.0288100,
 1919-Jan-31 12:00, , , 97.2284169,  0.0986720,
 1919-Mar-31 12:00, , , 97.0734495,  0.1956433,
 1919-May-31 12:00, , ,106.3767986,  0.2670720,
 1919-Jul-31 12:00, , ,119.5878252,  0.3489514,
 1919-Aug-31 12:00, , ,126.2617891,  0.4049777,
 1919-Oct-31 12:00, , ,136.2431449,  0.5655998,
 1919-Dec-31 12:00, , ,137.0438418,  0.7912675,
 1920-Jan-31 12:00, , ,133.5128576,  0.8819248,
 1920-Mar-31 12:00, , ,128.1234254,  0.8973108,
 1920-May-31 12:00, , ,132.7480292,  0.8308942,
 1920-Jul-31 12:00, , ,144.2039789,  0.8194377,
 1920-Aug-31 12:00, , ,150.9291177,  0.8458174,
 1920-Oct-31 12:00, , ,163.0272782,  0.9763112,
 1920-Dec-31 12:00, , ,168.8957765,  1.2235563,
 1921-Jan-31 12:00, , ,167.7139862,  1.3608621,
 1921-Mar-31 12:00, , ,160.8013871,  1.4353952,
 1921-May-31 12:00, , ,159.8884544,  1.2617048,
 1921-Jul-31 12:00, , ,168.3118365,  1.1180225,
 1921-Aug-31 12:00, , ,174.5309938,  1.0888888,
 1921-Oct-31 12:00, , ,187.4985225,  1.1252717,
 1921-Dec-31 12:00, , ,197.1829460,  1.2960858,
 1922-Jan-31 12:00, , ,198.8859025,  1.4252770,
 1922-Mar-31 12:00, , ,194.5291397,  1.5975314,
 1922-May-31 12:00, , ,189.0177112,  1.4466536,
 1922-Jul-31 12:00, , ,193.1465969,  1.1995374,
 1922-Aug-31 12:00, , ,198.2814176,  1.1134262,
 1922-Oct-31 12:00, , ,211.0230087,  1.0399952,
 1922-Dec-31 12:00, , ,223.1352275,  1.0894895,
 1923-Jan-31 12:00, , ,227.2616637,  1.1585848,
 1923-Mar-31 12:00, , ,227.9248504,  1.3120621,
 1923-May-31 12:00, , ,221.0119797,  1.2687069,
 1923-Jul-31 12:00, , ,219.9219864,  1.0139454,
 1923-Aug-31 12:00, , ,223.2724866,  0.8959247,
 1923-Oct-31 12:00, , ,234.6537960,  0.7433229,
 1923-Dec-31 12:00, , ,247.9959360,  0.6843626,
 1924-Jan-31 12:00, , ,253.8637587,  0.6829338,
 1924-Mar-31 12:00, , ,259.8531027,  0.7111111,
 1924-May-31 12:00, , ,255.7347563,  0.6855274,
 1924-Jul-31 12:00, , ,250.1213909,  0.5119294,
 1924-Aug-31 12:00, , ,250.9543785,  0.4112050,
 1924-Oct-31 12:00, , ,259.6344914,  0.2569480,
 1924-Dec-31 12:00, , ,273.0353235,  0.1513793,
 1925-Jan-31 12:00, , ,279.9440719,  0.1054999,
 1925-Mar-31 12:00, , ,290.0987738,  0.0110971,
 1925-May-31 12:00, , ,291.8411166, -0.1230673,
 1925-Jul-31 12:00, , ,285.0448686, -0.2695470,
 1925-Aug-31 12:00, , ,282.8076709, -0.3186293,
 1925-Oct-31 12:00, , ,286.7613697, -0.3732921,
 1925-Dec-31 12:00, , ,298.7215509, -0.4278675,
 1926-Jan-31 12:00, , ,305.9935786, -0.4698622,
 1926-Mar-31 12:00, , ,318.9578424, -0.5965158,
 1926-May-31 12:00, , ,326.7664156, -0.8160936,
 1926-Jul-31 12:00, , ,324.1668552, -1.0686061,
 1926-Aug-31 12:00, , ,320.2261031, -1.1243185,
 1926-Oct-31 12:00, , ,317.8086214, -1.0499446,
 1926-Dec-31 12:00, , ,326.1921273, -0.9514548,
 1927-Jan-31 12:00, , ,332.9584762, -0.9360663,
 1927-Mar-31 12:00, , ,347.0231073, -0.9852842,
 1927-May-31 12:00, , ,359.1449574, -1.1566819,
 1927-Jul-31 12:00, , ,  3.4405894, -1.4422846,
 1927-Aug-31 12:00, , ,  1.2750910, -1.5703440,
 1927-Oct-31 12:00, , ,354.2399758, -1.5367378,
 1927-Dec-31 12:00, , ,356.4641742, -1.2776365,
 1928-Jan-31 12:00, , ,  1.5677439, -1.1759551,
 1928-Mar-31 12:00, , , 15.0715199, -1.0828744,
 1928-May-31 12:00, , , 29.2298547, -1.1166093,
 1928-Jul-31 12:00, , , 38.9888401, -1.2706335,
 1928-Aug-31 12:00, , , 40.4200629, -1.3790826,
 1928-Oct-31 12:00, , , 35.0174709, -1.4712543,
 1928-Dec-31 12:00, , , 30.4845092, -1.2243509,
 1929-Jan-31 12:00, , , 32.6502412, -1.0716912,
 1929-Mar-31 12:00, , , 43.0450612, -0.8682692,
 1929-May-31 12:00, , , 57.2241837, -0.7728266,
 1929-Jul-31 12:00, , , 70.0502737, -0.7618084,
 1929-Aug-31 12:00, , , 74.4630526, -0.7801581,
 1929-Oct-31 12:00, , , 75.2831017, -0.8137309,
 1929-Dec-31 12:00, , , 67.9312375, -0.6921291,
 1930-Jan-31 12:00, , , 66.3502208, -0.5745328,
 1930-Mar-31 12:00, , , 71.6365426, -0.3785959,
 1930-May-31 12:00, , , 83.9530578, -0.2457399,
 1930-Jul-31 12:00, , , 97.6902428, -0.1503983,
 1930-Aug-31 12:00, , ,103.7596948, -0.1048186,
 1930-Oct-31 12:00, , ,110.4193880,  0.0018657,
 1930-Dec-31 12:00, , ,106.3064418,  0.1456040,
 1931-Jan-31 12:00, , ,102.3763896,  0.2131010,
 1931-Mar-31 12:00, , ,101.3765442,  0.2931647,
 1931-May-31 12:00, , ,110.1023120,  0.3483474,
 1931-Jul-31 12:00, , ,123.1492182,  0.4215713,
 1931-Aug-31 12:00, , ,129.8735477,  0.4757734,
 1931-Oct-31 12:00, , ,140.2643497,  0.6374502,
 1931-Dec-31 12:00, , ,141.8682979,  0.8724769,
 1932-Jan-31 12:00, , ,138.5889181,  0.9709483,
 1932-Mar-31 12:00, , ,132.7067634,  0.9866595,
 1932-May-31 12:00, , ,136.5802554,  0.9006433,
 1932-Jul-31 12:00, , ,147.6945095,  0.8717399,
 1932-Aug-31 12:00, , ,154.3848567,  0.8913822,
 1932-Oct-31 12:00, , ,166.6804391,  1.0113823,
 1932-Dec-31 12:00, , ,173.1751157,  1.2528528,
 1933-Jan-31 12:00, , ,172.4001797,  1.3931302,
 1933-Mar-31 12:00, , ,165.6127480,  1.4836315,
 1933-May-31 12:00, , ,163.9493985,  1.3043510,
 1933-Jul-31 12:00, , ,171.8462685,  1.1428857,
 1933-Aug-31 12:00, , ,177.9493786,  1.1053270,
 1933-Oct-31 12:00, , ,190.9461482,  1.1262203,
 1933-Dec-31 12:00, , ,201.0451048,  1.2812409,
 1934-Jan-31 12:00, , ,203.1235119,  1.4041990,
 1934-Mar-31 12:00, , ,199.3737606,  1.5824226,
 1934-May-31 12:00, , ,193.4271843,  1.4450649,
 1934-Jul-31 12:00, , ,196.8631976,  1.1901984,
 1934-Aug-31 12:00, , ,201.7928996,  1.0975645,
 1934-Oct-31 12:00, , ,214.4130771,  1.0102696,
 1934-Dec-31 12:00, , ,226.7615595,  1.0426410,
 1935-Jan-31 12:00, , ,231.1702136,  1.1015397,
 1935-Mar-31 12:00, , ,232.5933213,  1.2416589,
 1935-May-31 12:00, , ,225.8312520,  1.2099645,
 1935-Jul-31 12:00, , ,224.0059325,  0.9634280,
 1935-Aug-31 12:00, , ,227.0430710,  0.8445964,
 1935-Oct-31 12:00, , ,238.1278464,  0.6862146,
 1935-Dec-31 12:00, , ,251.5453551,  0.6160988,
 1936-Jan-31 12:00, , ,257.5981895,  0.6062583,
 1936-Mar-31 12:00, , ,264.2702108,  0.6143367,
 1936-May-31 12:00, , ,260.8404230,  0.5793697,
 1936-Jul-31 12:00, , ,254.7793904,  0.4173998,
 1936-Aug-31 12:00, , ,255.1945728,  0.3230978,
 1936-Oct-31 12:00, , ,263.3447607,  0.1766656,
 1936-Dec-31 12:00, , ,276.6455471,  0.0716879,
 1937-Jan-31 12:00, , ,283.6488165,  0.0231195,
 1937-Mar-31 12:00, , ,294.2882614, -0.0822984,
 1937-May-31 12:00, , ,296.9193214, -0.2338393,
 1937-Jul-31 12:00, , ,290.3911707, -0.3893029,
 1937-Aug-31 12:00, , ,287.7730636, -0.4331364,
 1937-Oct-31 12:00, , ,290.9116724, -0.4677467,
 1937-Dec-31 12:00, , ,302.5237613, -0.5064425,
 1938-Jan-31 12:00, , ,309.7844623, -0.5435374,
 1938-Mar-31 12:00, , ,323.0095220, -0.6655878,
 1938-May-31 12:00, , ,331.5463051, -0.8868980,
 1938-Jul-31 12:00, , ,329.8483364, -1.1540321,
 1938-Aug-31 12:00, , ,325.9327269, -1.2191248,
 1938-Oct-31 12:00, , ,322.6462439, -1.1363691,
 1938-Dec-31 12:00, , ,330.3310568, -1.0121045,
 1939-Jan-31 12:00, , ,336.9460953, -0.9854244,
 1939-Mar-31 12:00, , ,351.0241997, -1.0170683,
 1939-May-31 12:00, , ,  3.5722028, -1.1723275,
 1939-Jul-31 12:00, , ,  8.7877328, -1.4473937,
 1939-Aug-31 12:00, , ,  7.1000938, -1.5804545,
 1939-Oct-31 12:00, , ,359.8791654, -1.5679731,
 1939-Dec-31 12:00, , ,  1.0947289, -1.2971255,
 1940-Jan-31 12:00, , ,  5.8593984, -1.1843079,
 1940-Mar-31 12:00, , , 19.0895201, -1.0708899,
 1940-May-31 12:00, , , 33.3780945, -1.0835921,
 1940-Jul-31 12:00, , , 43.7246951, -1.2128576,
 1940-Aug-31 12:00, , , 45.6524039, -1.3102966,
 1940-Oct-31 12:00, , , 40.9700683, -1.4076957,
 1940-Dec-31 12:00, , , 35.6762627, -1.1785214,
 1941-Jan-31 12:00, , , 37.3297294, -1.0254125,
 1941-Mar-31 12:00, , , 47.1367306, -0.8144007,
 1941-May-31 12:00, , , 61.1666673, -0.7069501,
 1941-Jul-31 12:00, , , 74.2356921, -0.6778911,
 1941-Aug-31 12:00, , , 78.9554455, -0.6843200,
 1941-Oct-31 12:00, , , 80.6974632, -0.6976045,
 1941-Dec-31 12:00, , , 73.4820624, -0.5843324,
 1942-Jan-31 12:00, , , 71.4268367, -0.4763214,
 1942-Mar-31 12:00, , , 75.8554748, -0.2926790,
 1942-May-31 12:00, , , 87.7640577, -0.1642290,
 1942-Jul-31 12:00, , ,101.4850172, -0.0659173,
 1942-Aug-31 12:00, , ,107.6939038, -0.0159279,
 1942-Oct-31 12:00, , ,114.9968921,  0.1048550,
 1942-Dec-31 12:00, , ,111.6324582,  0.2618382,
 1943-Jan-31 12:00, , ,107.6108259,  0.3286121,
 1943-Mar-31 12:00, , ,105.7713205,  0.3922966,
 1943-May-31 12:00, , ,113.8633075,  0.4294636,
 1943-Jul-31 12:00, , ,126.6972176,  0.4921776,
 1943-Aug-31 12:00, , ,133.4475532,  0.5434802,
 1943-Oct-31 12:00, , ,144.1905114,  0.7039207,
 1943-Dec-31 12:00, , ,146.5613692,  0.9457240,
 1944-Jan-31 12:00, , ,143.5694906,  1.0517588,
 1944-Mar-31 12:00, , ,137.2818679,  1.0707586,
 1944-May-31 12:00, , ,140.3887428,  0.9663484,
 1944-Jul-31 12:00, , ,151.1246445,  0.9196478,
 1944-Aug-31 12:00, , ,157.7609849,  0.9323033,
 1944-Oct-31 12:00, , ,170.2100569,  1.0406803,
 1944-Dec-31 12:00, , ,177.2784484,  1.2743394,
 1945-Jan-31 12:00, , ,176.9041005,  1.4159945,
 1945-Mar-31 12:00, , ,170.3216791,  1.5221203,
 1945-May-31 12:00, , ,167.9450389,  1.3404280,
 1945-Jul-31 12:00, , ,175.2976345,  1.1625211,
 1945-Aug-31 12:00, , ,181.2737574,  1.1168447,
 1945-Oct-31 12:00, , ,194.2754433,  1.1225650,
 1945-Dec-31 12:00, , ,204.7498440,  1.2615854,
 1946-Jan-31 12:00, , ,207.1816487,  1.3775767,
 1946-Mar-31 12:00, , ,204.0609099,  1.5589365,
 1946-May-31 12:00, , ,197.7566943,  1.4361401,
 1946-Jul-31 12:00, , ,200.5040331,  1.1757784,
 1946-Aug-31 12:00, , ,205.2228902,  1.0773692,
 1946-Oct-31 12:00, , ,217.7087290,  0.9774276,
 1946-Dec-31 12:00, , ,230.2713323,  0.9935376,
 1947-Jan-31 12:00, , ,234.9445321,  1.0424856,
 1947-Mar-31 12:00, , ,237.1115308,  1.1678025,
 1947-May-31 12:00, , ,230.5819976,  1.1451059,
 1947-Jul-31 12:00, , ,228.0557105,  0.9081800,
 1947-Aug-31 12:00, , ,230.7735546,  0.7894935,
 1947-Oct-31 12:00, , ,241.5486026,  0.6268889,
 1947-Dec-31 12:00, , ,255.0301651,  0.5470449,
 1948-Jan-31 12:00, , ,261.2600455,  0.5295262,
 1948-Mar-31 12:00, , ,268.5971262,  0.5183167,
 1948-May-31 12:00, , ,265.9054449,  0.4715270,
 1948-Jul-31 12:00, , ,259.4742168,  0.3190658,
 1948-Aug-31 12:00, , ,259.4684301,  0.2316092,
 1948-Oct-31 12:00, , ,267.0672002,  0.0947551,
 1948-Dec-31 12:00, , ,280.2564805, -0.0077850,
 1949-Jan-31 12:00, , ,287.3489422, -0.0580775,
 1949-Mar-31 12:00, , ,298.4586299, -0.1725806,
 1949-May-31 12:00, , ,301.9857218, -0.3404801,
 1949-Jul-31 12:00, , ,295.8384144, -0.5081539,
 1949-Aug-31 12:00, , ,292.8702597, -0.5484755,
 1949-Oct-31 12:00, , ,295.1629853, -0.5627985,
 1949-Dec-31 12:00, , ,306.3928311, -0.5836289,
 1950-Jan-31 12:00, , ,313.6312301, -0.6146991,
 1950-Mar-31 12:00, , ,327.0988012, -0.7300095,
 1950-May-31 12:00, , ,336.3458995, -0.9501220,
 1950-Jul-31 12:00, , ,335.6124883, -1.2296132,
 1950-Aug-31 12:00, , ,331.8017714, -1.3056542,
 1950-Oct-31 12:00, , ,327.6766629, -1.2190002,
 1950-Dec-31 12:00, , ,334.5988414, -1.0687540,
 1951-Jan-31 12:00, , ,341.0379596, -1.0300916,
 1951-Mar-31 12:00, , ,355.0959866, -1.0426654,
 1951-May-31 12:00, , ,  8.0382933, -1.1797343,
 1951-Jul-31 12:00, , , 14.1556433, -1.4404567,
 1951-Aug-31 12:00, , , 12.9843005, -1.5759262,
 1951-Oct-31 12:00, , ,  5.7208378, -1.5861971,
 1951-Dec-31 12:00, , ,  5.8955215, -1.3080955,
 1952-Jan-31 12:00, , , 10.2847030, -1.1849855,
 1952-Mar-31 12:00, , , 23.1857824, -1.0519195,
 1952-May-31 12:00, , , 37.5580499, -1.0438039,
 1952-Jul-31 12:00, , , 48.4403312, -1.1477127,
 1952-Aug-31 12:00, , , 50.8467124, -1.2327231,
 1952-Oct-31 12:00, , , 46.9772020, -1.3301747,
 1952-Dec-31 12:00, , , 41.0162972, -1.1211734,
 1953-Jan-31 12:00, , , 42.1326024, -0.9698385,
 1953-Mar-31 12:00, , , 51.2901995, -0.7541361,
 1953-May-31 12:00, , , 65.1224700, -0.6367591,
 1953-Jul-31 12:00, , , 78.3883805, -0.5914241,
 1953-Aug-31 12:00, , , 83.3883832, -0.5866281,
 1953-Oct-31 12:00, , , 86.0304476, -0.5785619,
 1953-Dec-31 12:00, , , 79.0764592, -0.4695933,
 1954-Jan-31 12:00, , , 76.5798762, -0.3712648,
 1954-Mar-31 12:00, , , 80.1226275, -0.2023190,
 1954-May-31 12:00, , , 91.5848649, -0.0807501,
 1954-Jul-31 12:00, , ,105.2587872,  0.0184020,
 1954-Aug-31 12:00, , ,111.5892520,  0.0717250,
 1954-Oct-31 12:00, , ,119.4934598,  0.2047209,
 1954-Dec-31 12:00, , ,116.9122704,  0.3759211,
 1955-Jan-31 12:00, , ,112.8641392,  0.4439646,
 1955-Mar-31 12:00, , ,110.2233829,  0.4928157,
 1955-May-31 12:00, , ,117.6560938,  0.5107048,
 1955-Jul-31 12:00, , ,130.2546535,  0.5612462,
 1955-Aug-31 12:00, , ,137.0202623,  0.6090119,
 1955-Oct-31 12:00, , ,148.0906849,  0.7665262,
 1955-Dec-31 12:00, , ,151.2190575,  1.0133977,
 1956-Jan-31 12:00, , ,148.5509951,  1.1270691,
 1956-Mar-31 12:00, , ,141.9401069,  1.1525170,
 1956-May-31 12:00, , ,144.2681110,  1.0306355,
 1956-Jul-31 12:00, , ,154.6051852,  0.9653838,
 1956-Aug-31 12:00, , ,161.1812744,  0.9703891,
 1956-Oct-31 12:00, , ,173.7727633,  1.0663693,
 1956-Dec-31 12:00, , ,181.4016714,  1.2907151,
 1957-Jan-31 12:00, , ,181.4354915,  1.4326169,
 1957-Mar-31 12:00, , ,175.1377290,  1.5543151,
 1957-May-31 12:00, , ,172.0676219,  1.3727852,
 1957-Jul-31 12:00, , ,178.8495622,  1.1788337,
 1957-Aug-31 12:00, , ,184.6891029,  1.1249016,
 1957-Oct-31 12:00, , ,197.6828687,  1.1149933,
 1957-Dec-31 12:00, , ,208.5225085,  1.2371620,
 1958-Jan-31 12:00, , ,211.3066892,  1.3452711,
 1958-Mar-31 12:00, , ,208.8665583,  1.5270309,
 1958-May-31 12:00, , ,202.2713440,  1.4199150,
 1958-Jul-31 12:00, , ,204.2999705,  1.1559184,
 1958-Aug-31 12:00, , ,208.7894913,  1.0521360,
 1958-Oct-31 12:00, , ,221.1169863,  0.9397091,
 1958-Dec-31 12:00, , ,233.8803325,  0.9396843,
 1959-Jan-31 12:00, , ,238.8142498,  0.9783669,
 1959-Mar-31 12:00, , ,241.7443564,  1.0867373,
 1959-May-31 12:00, , ,235.5401929,  1.0705296,
 1959-Jul-31 12:00, , ,232.3120678,  0.8449296,
 1959-Aug-31 12:00, , ,234.6837616,  0.7274241,
 1959-Oct-31 12:00, , ,245.1083662,  0.5621744,
 1959-Dec-31 12:00, , ,258.6290888,  0.4736985,
 1960-Jan-31 12:00, , ,265.0253456,  0.4489157,
 1960-Mar-31 12:00, , ,273.0146269,  0.4184748,
 1960-May-31 12:00, , ,271.1249534,  0.3571334,
 1960-Jul-31 12:00, , ,264.4043680,  0.2123012,
 1960-Aug-31 12:00, , ,263.9593248,  0.1325002,
 1960-Oct-31 12:00, , ,270.9435414,  0.0077789,
 1960-Dec-31 12:00, , ,283.9743491, -0.0900411,
 1961-Jan-31 12:00, , ,291.1372887, -0.1410249,
 1961-Mar-31 12:00, , ,302.6831464, -0.2626466,
 1961-May-31 12:00, , ,307.1023015, -0.4455774,
 1961-Jul-31 12:00, , ,301.4554613, -0.6279286,
 1961-Aug-31 12:00, , ,298.1734836, -0.6664598,
 1961-Oct-31 12:00, , ,299.5686531, -0.6600110,
 1961-Dec-31 12:00, , ,310.3491218, -0.6605662,
 1962-Jan-31 12:00, , ,317.5378066, -0.6844387,
 1962-Mar-31 12:00, , ,331.1981516, -0.7906442,
 1962-May-31 12:00, , ,341.1015789, -1.0064617,
 1962-Jul-31 12:00, , ,341.3541139, -1.2948551,
 1962-Aug-31 12:00, , ,337.7269688, -1.3823907,
 1962-Oct-31 12:00, , ,332.8242171, -1.2965233,
 1962-Dec-31 12:00, , ,338.9181381, -1.1208980,
 1963-Jan-31 12:00, , ,345.1485338, -1.0698937,
 1963-Mar-31 12:00, , ,359.1291195, -1.0625777,
 1963-May-31 12:00, , , 12.3975187, -1.1803069,
 1963-Jul-31 12:00, , , 19.3453364, -1.4236662,
 1963-Aug-31 12:00, , , 18.6987986, -1.5585931,
 1963-Oct-31 12:00, , , 11.5465602, -1.5910309,
 1963-Dec-31 12:00, , , 10.6931712, -1.3107309,
 1964-Jan-31 12:00, , , 14.6779414, -1.1786751,
 1964-Mar-31 12:00, , , 27.1969986, -1.0275206,
 1964-May-31 12:00, , , 41.5993765, -0.9998551,
 1964-Jul-31 12:00, , , 52.9451525, -1.0793769,
 1964-Aug-31 12:00, , , 55.7908016, -1.1515502,
 1964-Oct-31 12:00, , , 52.7710970, -1.2442486,
 1964-Dec-31 12:00, , , 46.2740863, -1.0555768,
 1965-Jan-31 12:00, , , 46.8575057, -0.9079094,
 1965-Mar-31 12:00, , , 55.3371299, -0.6905057,
 1965-May-31 12:00, , , 68.9386229, -0.5656889,
 1965-Jul-31 12:00, , , 82.3558724, -0.5065212,
 1965-Aug-31 12:00, , , 87.6020836, -0.4917831,
 1965-Oct-31 12:00, , , 91.0862928, -0.4629762,
 1965-Dec-31 12:00, , , 84.4975189, -0.3542313,
 1966-Jan-31 12:00, , , 81.6154445, -0.2647278,
 1966-Mar-31 12:00, , , 84.2849909, -0.1116910,
 1966-May-31 12:00, , , 95.2834942,  0.0010438,
 1966-Jul-31 12:00, , ,108.8860842,  0.0990400,
 1966-Aug-31 12:00, , ,115.3197506,  0.1545548,
 1966-Oct-31 12:00, , ,123.7726498,  0.2973291,
 1966-Dec-31 12:00, , ,121.9800202,  0.4824575,
 1967-Jan-31 12:00, , ,117.9664516,  0.5535860,
 1967-Mar-31 12:00, , ,114.5876418,  0.5902808,
 1967-May-31 12:00, , ,121.3557113,  0.5886748,
 1967-Jul-31 12:00, , ,133.7083489,  0.6260903,
 1967-Aug-31 12:00, , ,140.4822878,  0.6696304,
 1967-Oct-31 12:00, , ,151.8532438,  0.8226605,
 1967-Dec-31 12:00, , ,155.7066489,  1.0725117,
 1968-Jan-31 12:00, , ,153.3824365,  1.1932714,
 1968-Mar-31 12:00, , ,146.5389313,  1.2278246,
 1968-May-31 12:00, , ,148.1018520,  1.0903689,
 1968-Jul-31 12:00, , ,158.0316922,  1.0066532,
 1968-Aug-31 12:00, , ,164.5426252,  1.0039396,
 1968-Oct-31 12:00, , ,177.2615392,  1.0868022,
 1968-Dec-31 12:00, , ,185.4250824,  1.3004064,
 1969-Jan-31 12:00, , ,185.8648983,  1.4412400,
 1969-Mar-31 12:00, , ,179.9246250,  1.5775651,
 1969-May-31 12:00, , ,176.2032494,  1.3990599,
 1969-Jul-31 12:00, , ,182.3994838,  1.1902775,
 1969-Aug-31 12:00, , ,188.0949460,  1.1283005,
 1969-Oct-31 12:00, , ,201.0687097,  1.1028973,
 1969-Dec-31 12:00, , ,212.2563518,  1.2078633,
 1970-Jan-31 12:00, , ,215.3841375,  1.3073922,
 1970-Mar-31 12:00, , ,213.6572971,  1.4867071,
 1970-May-31 12:00, , ,206.8485810,  1.3956834,
 1970-Jul-31 12:00, , ,208.1460846,  1.1302350,
 1970-Aug-31 12:00, , ,212.3930358,  1.0217580,
 1970-Oct-31 12:00, , ,224.5428958,  0.8978902,
 1970-Dec-31 12:00, , ,237.4880253,  0.8823230,
 1971-Jan-31 12:00, , ,242.6699570,  0.9108585,
 1971-Mar-31 12:00, , ,246.3556161,  1.0008641,
 1971-May-31 12:00, , ,240.5638339,  0.9879561,
 1971-Jul-31 12:00, , ,236.6654386,  0.7748978,
 1971-Aug-31 12:00, , ,238.6728216,  0.6597458,
 1971-Oct-31 12:00, , ,248.7096426,  0.4938076,
 1971-Dec-31 12:00, , ,262.2387811,  0.3983566,
 1972-Jan-31 12:00, , ,268.7852197,  0.3671155,
 1972-Mar-31 12:00, , ,277.3956013,  0.3185811,
 1972-May-31 12:00, , ,276.3459208,  0.2409621,
 1972-Jul-31 12:00, , ,269.4356194,  0.1010555,
 1972-Aug-31 12:00, , ,268.5474325,  0.0292226,
 1972-Oct-31 12:00, , ,274.8691095, -0.0811916,
 1972-Dec-31 12:00, , ,287.7003988, -0.1719742,
 1973-Jan-31 12:00, , ,294.9141411, -0.2224809,
 1973-Mar-31 12:00, , ,306.8521587, -0.3488037,
 1973-May-31 12:00, , ,312.1290434, -0.5444039,
 1973-Jul-31 12:00, , ,307.0787252, -0.7428908,
 1973-Aug-31 12:00, , ,303.5373013, -0.7818256,
 1973-Oct-31 12:00, , ,304.0208181, -0.7556709,
 1973-Dec-31 12:00, , ,314.3027660, -0.7344152,
 1974-Jan-31 12:00, , ,321.4198597, -0.7501795,
 1974-Mar-31 12:00, , ,335.2286607, -0.8453745,
 1974-May-31 12:00, , ,345.7277747, -1.0541771,
 1974-Jul-31 12:00, , ,346.9582721, -1.3476391,
 1974-Aug-31 12:00, , ,343.5855748, -1.4464326,
 1974-Oct-31 12:00, , ,338.0024427, -1.3662623,
 1974-Dec-31 12:00, , ,343.2312838, -1.1670948,
 1975-Jan-31 12:00, , ,349.2305806, -1.1037914,
 1975-Mar-31 12:00, , ,  3.0969752, -1.0763235,
 1975-May-31 12:00, , , 16.6461597, -1.1741037,
 1975-Jul-31 12:00, , , 24.3674257, -1.3980700,
 1975-Aug-31 12:00, , , 24.2454039, -1.5300059,
 1975-Oct-31 12:00, , , 17.3413200, -1.5828123,
 1975-Dec-31 12:00, , , 15.4988343, -1.3048870,
 1976-Jan-31 12:00, , , 19.0635067, -1.1653204,
 1976-Mar-31 12:00, , , 31.1716250, -0.9977946,
 1976-May-31 12:00, , , 45.5758505, -0.9518588,
 1976-Jul-31 12:00, , , 57.3408208, -1.0079742,
 1976-Aug-31 12:00, , , 60.5984581, -1.0671235,
 1976-Oct-31 12:00, , , 58.4631557, -1.1508479,
 1976-Dec-31 12:00, , , 51.5576141, -0.9816062,
 1977-Jan-31 12:00, , , 51.6133718, -0.8391625,
 1977-Mar-31 12:00, , , 59.3901137, -0.6226787,
 1977-May-31 12:00, , , 72.7393381, -0.4924111,
 1977-Jul-31 12:00, , , 86.2835867, -0.4214097,
 1977-Aug-31 12:00, , , 91.7585173, -0.3976407,
 1977-Oct-31 12:00, , , 96.0585168, -0.3483850,
 1977-Dec-31 12:00, , , 89.9329424, -0.2359875,
 1978-Jan-31 12:00, , , 86.7114405, -0.1542441,
 1978-Mar-31 12:00, , , 88.5021046, -0.0181767,
 1978-May-31 12:00, , , 99.0125164,  0.0837499,
 1978-Jul-31 12:00, , ,112.5279077,  0.1787599,
 1978-Aug-31 12:00, , ,119.0557609,  0.2355161,
 1978-Oct-31 12:00, , ,128.0318320,  0.3861932,
 1978-Dec-31 12:00, , ,127.0485923,  0.5851931,
 1979-Jan-31 12:00, , ,123.1258720,  0.6611115,
 1979-Mar-31 12:00, , ,119.0535135,  0.6881013,
 1979-May-31 12:00, , ,125.1308326,  0.6662292,
 1979-Jul-31 12:00, , ,137.2157214,  0.6891477,
 1979-Aug-31 12:00, , ,143.9883914,  0.7277471,
 1979-Oct-31 12:00, , ,155.6385015,  0.8746767,
 1979-Dec-31 12:00, , ,160.2063064,  1.1254822,
 1980-Jan-31 12:00, , ,158.2551542,  1.2527896,
 1980-Mar-31 12:00, , ,151.2643323,  1.2991528,
 1980-May-31 12:00, , ,152.0452410,  1.1477625,
 1980-Jul-31 12:00, , ,161.5339700,  1.0450844,
 1980-Aug-31 12:00, , ,167.9671365,  1.0342553,
 1980-Oct-31 12:00, , ,180.7923479,  1.1030515,
 1980-Dec-31 12:00, , ,189.4700848,  1.3043565,
 1981-Jan-31 12:00, , ,190.3177274,  1.4428069,
 1981-Mar-31 12:00, , ,184.8101903,  1.5926326,
 1981-May-31 12:00, , ,180.4658788,  1.4201287,
 1981-Jul-31 12:00, , ,186.0368344,  1.1976020,
 1981-Aug-31 12:00, , ,191.5704638,  1.1276858,
 1981-Oct-31 12:00, , ,204.4948865,  1.0867694,
 1981-Dec-31 12:00, , ,216.0006773,  1.1741842,
 1982-Jan-31 12:00, , ,219.4579405,  1.2645022,
 1982-Mar-31 12:00, , ,218.4699265,  1.4384719,
 1982-May-31 12:00, , ,211.5326404,  1.3636510,
 1982-Jul-31 12:00, , ,212.0786420,  1.0993496,
 1982-Aug-31 12:00, , ,216.0592164,  0.9870333,
 1982-Oct-31 12:00, , ,227.9898707,  0.8529052,
 1982-Dec-31 12:00, , ,241.0775263,  0.8226917,
 1983-Jan-31 12:00, , ,246.4865441,  0.8414150,
 1983-Mar-31 12:00, , ,250.9045882,  0.9123894,
 1983-May-31 12:00, , ,245.6055464,  0.8999147,
 1983-Jul-31 12:00, , ,241.0766202,  0.7002787,
 1983-Aug-31 12:00, , ,242.6991204,  0.5886098,
 1983-Oct-31 12:00, , ,252.3016993,  0.4240339,
 1983-Dec-31 12:00, , ,265.7975338,  0.3235100,
 1984-Jan-31 12:00, , ,272.4705980,  0.2868423,
 1984-Mar-31 12:00, , ,281.6493160,  0.2221492,
 1984-May-31 12:00, , ,281.4435449,  0.1278556,
 1984-Jul-31 12:00, , ,274.4502904, -0.0099939,
 1984-Aug-31 12:00, , ,273.1299573, -0.0740703,
 1984-Oct-31 12:00, , ,278.7528562, -0.1687452,
 1984-Dec-31 12:00, , ,291.3413504, -0.2505383,
 1985-Jan-31 12:00, , ,298.5823991, -0.2994773,
 1985-Mar-31 12:00, , ,310.8576599, -0.4279890,
 1985-May-31 12:00, , ,316.9327955, -0.6332449,
 1985-Jul-31 12:00, , ,312.5491370, -0.8478804,
 1985-Aug-31 12:00, , ,308.8146552, -0.8894171,
 1985-Oct-31 12:00, , ,308.4023098, -0.8459586,
 1985-Dec-31 12:00, , ,318.1480853, -0.8024468,
 1986-Jan-31 12:00, , ,325.1738963, -0.8095862,
 1986-Mar-31 12:00, , ,339.0875373, -0.8924227,
 1986-May-31 12:00, , ,350.1178196, -1.0919808,
 1986-Jul-31 12:00, , ,352.2895314, -1.3867243,
 1986-Aug-31 12:00, , ,349.2236994, -1.4957955,
 1986-Oct-31 12:00, , ,343.0756701, -1.4256970,
 1986-Dec-31 12:00, , ,347.4310692, -1.2058220,
 1987-Jan-31 12:00, , ,353.1859335, -1.1307691,
 1987-Mar-31 12:00, , ,  6.9096309, -1.0837571,
 1987-May-31 12:00, , , 20.6945781, -1.1618992,
 1987-Jul-31 12:00, , , 29.1195589, -1.3655574,
 1987-Aug-31 12:00, , , 29.5049862, -1.4924819,
 1987-Oct-31 12:00, , , 22.9684061, -1.5627059,
 1987-Dec-31 12:00, , , 20.2068321, -1.2912545,
 1988-Jan-31 12:00, , , 23.3451057, -1.1457917,
 1988-Mar-31 12:00, , , 35.0226719, -0.9639801,
 1988-May-31 12:00, , , 49.4041940, -0.9015401,
 1988-Jul-31 12:00, , , 61.5449135, -0.9359815,
 1988-Aug-31 12:00, , , 65.1850197, -0.9825122,
 1988-Oct-31 12:00, , , 63.9435293, -1.0541850,
 1988-Dec-31 12:00, , , 56.7599893, -0.9022657,
 1989-Jan-31 12:00, , , 56.3055841, -0.7661245,
 1989-Mar-31 12:00, , , 63.3696485, -0.5528830,
 1989-May-31 12:00, , , 76.4526981, -0.4192899,
 1989-Jul-31 12:00, , , 90.1035953, -0.3385974,
 1989-Aug-31 12:00, , , 95.7892629, -0.3070045,
 1989-Oct-31 12:00, , ,100.8665916, -0.2386879,
 1989-Dec-31 12:00, , , 95.2835190, -0.1194292,
 1990-Jan-31 12:00, , , 91.7787154, -0.0438404,
 1990-Mar-31 12:00, , , 92.7059202,  0.0751599,
 1990-May-31 12:00, , ,102.7130087,  0.1647509,
 1990-Jul-31 12:00, , ,116.1244188,  0.2550765,
 1990-Aug-31 12:00, , ,122.7342341,  0.3120883,
 1990-Oct-31 12:00, , ,132.1984180,  0.4683999,
 1990-Dec-31 12:00, , ,132.0305714,  0.6801019,
 1991-Jan-31 12:00, , ,128.2544891,  0.7621372,
 1991-Mar-31 12:00, , ,123.5504745,  0.7826790,
 1991-May-31 12:00, , ,128.9177507,  0.7407100,
 1991-Jul-31 12:00, , ,140.7128058,  0.7481886,
 1991-Aug-31 12:00, , ,147.4736119,  0.7812346,
 1991-Oct-31 12:00, , ,159.3755820,  0.9205263,
 1991-Dec-31 12:00, , ,164.6286493,  1.1699375,
 1992-Jan-31 12:00, , ,163.0654421,  1.3027103,
 1992-Mar-31 12:00, , ,156.0163544,  1.3628303,
 1992-May-31 12:00, , ,156.0199286,  1.2000313,
 1992-Jul-31 12:00, , ,165.0416147,  1.0787442,
 1992-Aug-31 12:00, , ,171.3848295,  1.0597017,
 1992-Oct-31 12:00, , ,184.2884852,  1.1139154,
 1992-Dec-31 12:00, , ,193.4423645,  1.3015989,
 1993-Jan-31 12:00, , ,194.6855991,  1.4362798,
 1993-Mar-31 12:00, , ,189.6695030,  1.5974188,
 1993-May-31 12:00, , ,184.7579793,  1.4336683,
 1993-Jul-31 12:00, , ,189.6828899,  1.1993519,
 1993-Aug-31 12:00, , ,195.0409584,  1.1219816,
 1993-Oct-31 12:00, , ,207.8901840,  1.0661116,
 1993-Dec-31 12:00, , ,219.6818869,  1.1360520,
 1994-Jan-31 12:00, , ,223.4504617,  1.2167346,
 1994-Mar-31 12:00, , ,223.2071759,  1.3825434,
 1994-May-31 12:00, , ,216.2278230,  1.3229628,
 1994-Jul-31 12:00, , ,216.0262465,  1.0621998,
 1994-Aug-31 12:00, , ,219.7282622,  0.9469765,
 1994-Oct-31 12:00, , ,231.4202518,  0.8039632,
 1994-Dec-31 12:00, , ,244.6313648,  0.7601877,
 1995-Jan-31 12:00, , ,250.2538740,  0.7695017,
 1995-Mar-31 12:00, , ,255.3819434,  0.8208887,
 1995-May-31 12:00, , ,250.6398855,  0.8053300,
 1995-Jul-31 12:00, , ,245.5378255,  0.6189290,
 1995-Aug-31 12:00, , ,246.7687309,  0.5117392,
 1995-Oct-31 12:00, , ,255.9161537,  0.3504977,
 1995-Dec-31 12:00, , ,269.3646204,  0.2465720,
 1996-Jan-31 12:00, , ,276.1567007,  0.2052600,
 1996-Mar-31 12:00, , ,285.8859736,  0.1256160,
 1996-May-31 12:00, , ,286.5491534,  0.0135292,
 1996-Jul-31 12:00, , ,279.5779845, -0.1259118,
 1996-Aug-31 12:00, , ,277.8352428, -0.1826246,
 1996-Oct-31 12:00, , ,282.7281848, -0.2598536,
 1996-Dec-31 12:00, , ,295.0539986, -0.3305197,
 1997-Jan-31 12:00, , ,302.3174482, -0.3768992,
 1997-Mar-31 12:00, , ,314.9214373, -0.5057307,
 1997-May-31 12:00, , ,321.7958831, -0.7188108,
 1997-Jul-31 12:00, , ,318.1715795, -0.9506468,
 1997-Aug-31 12:00, , ,314.3007802, -0.9971767,
 1997-Oct-31 12:00, , ,312.9790335, -0.9380230,
 1997-Dec-31 12:00, , ,322.1440867, -0.8703576,
 1998-Jan-31 12:00, , ,329.0667274, -0.8678018,
 1998-Mar-31 12:00, , ,343.0721826, -0.9363396,
 1998-May-31 12:00, , ,354.6229462, -1.1242955,
 1998-Jul-31 12:00, , ,357.7644772, -1.4169257,
 1998-Aug-31 12:00, , ,355.0739011, -1.5354948,
 1998-Oct-31 12:00, , ,348.4509523, -1.4797344,
 1998-Dec-31 12:00, , ,351.8674657, -1.2405342,
 1999-Jan-31 12:00, , ,357.3465063, -1.1533255,
 1999-Mar-31 12:00, , , 10.8913390, -1.0857378,
 1999-May-31 12:00, , , 24.8893108, -1.1427787,
 1999-Jul-31 12:00, , , 34.0068013, -1.3235727,
 1999-Aug-31 12:00, , , 34.9188197, -1.4430678,
 1999-Oct-31 12:00, , , 28.8895196, -1.5279394,
 1999-Dec-31 12:00, , , 25.2139989, -1.2673729,
 2000-Jan-31 12:00, , , 27.8818736, -1.1173868,
 2000-Mar-31 12:00, , , 39.0624397, -0.9225720,
 2000-May-31 12:00, , , 53.3802682, -0.8442184,
 2000-Jul-31 12:00, , , 65.8633970, -0.8570827,
 2000-Aug-31 12:00, , , 69.8724913, -0.8905133,
 2000-Oct-31 12:00, , , 69.5713485, -0.9462730,
 2000-Dec-31 12:00, , , 62.2306893, -0.8102824,
 2001-Jan-31 12:00, , , 61.2523988, -0.6822093,
 2001-Mar-31 12:00, , , 67.5272555, -0.4754990,
 2001-May-31 12:00, , , 80.2831821, -0.3410421,
 2001-Jul-31 12:00, , , 93.9914875, -0.2525754,
 2001-Aug-31 12:00, , , 99.8628252, -0.2140344,
 2001-Oct-31 12:00, , ,105.6839287, -0.1274987,
 2001-Dec-31 12:00, , ,100.7343896,  0.0012207,
 2002-Jan-31 12:00, , , 96.9986821,  0.0718114,
 2002-Mar-31 12:00, , , 97.0356327,  0.1726416,
 2002-May-31 12:00, , ,106.4735465,  0.2474395,
 2002-Jul-31 12:00, , ,119.7289291,  0.3308467,
 2002-Aug-31 12:00, , ,126.3955844,  0.3869866,
 2002-Oct-31 12:00, , ,136.2946232,  0.5465044,
 2002-Dec-31 12:00, , ,136.9314622,  0.7691087,
 2003-Jan-31 12:00, , ,133.3528454,  0.8579351,
 2003-Mar-31 12:00, , ,128.0818407,  0.8747976,
 2003-May-31 12:00, , ,132.7042217,  0.8127212,
 2003-Jul-31 12:00, , ,144.1663725,  0.8037023,
 2003-Aug-31 12:00, , ,150.8939665,  0.8305874,
 2003-Oct-31 12:00, , ,162.9984091,  0.9607433,
 2003-Dec-31 12:00, , ,168.8840738,  1.2063228,
 2004-Jan-31 12:00, , ,167.7123117,  1.3430754,
 2004-Mar-31 12:00, , ,160.6974646,  1.4178944,
 2004-May-31 12:00, , ,159.9423653,  1.2465557,
 2004-Jul-31 12:00, , ,168.4693558,  1.1074181,
 2004-Aug-31 12:00, , ,174.7074624,  1.0802376,
 2004-Oct-31 12:00, , ,187.6560947,  1.1197459,
 2004-Dec-31 12:00, , ,197.2399018,  1.2930387,
 2005-Jan-31 12:00, , ,198.8584981,  1.4228383,
 2005-Mar-31 12:00, , ,194.3750820,  1.5927041,
 2005-May-31 12:00, , ,188.9656269,  1.4399153,
 2005-Jul-31 12:00, , ,193.2389047,  1.1959233,
 2005-Aug-31 12:00, , ,198.4133628,  1.1117075,
 2005-Oct-31 12:00, , ,211.1704977,  1.0417720,
 2005-Dec-31 12:00, , ,223.2204795,  1.0949134,
 2006-Jan-31 12:00, , ,227.2799115,  1.1659887,
 2006-Mar-31 12:00, , ,227.7700327,  1.3215582,
 2006-May-31 12:00, , ,220.8327084,  1.2754983,
 2006-Jul-31 12:00, , ,219.9104233,  1.0202652,
 2006-Aug-31 12:00, , ,223.3296518,  0.9031009,
 2006-Oct-31 12:00, , ,234.7721885,  0.7527178,
 2006-Dec-31 12:00, , ,248.0914669,  0.6966901,
 2007-Jan-31 12:00, , ,253.9151648,  0.6972240,
 2007-Mar-31 12:00, , ,259.7308198,  0.7293173,
 2007-May-31 12:00, , ,255.6042244,  0.7078096,
 2007-Jul-31 12:00, , ,249.9968664,  0.5337398,
 2007-Aug-31 12:00, , ,250.8329545,  0.4317322,
 2007-Oct-31 12:00, , ,259.5092274,  0.2755455,
 2007-Dec-31 12:00, , ,272.9012347,  0.1698896,
 2008-Jan-31 12:00, , ,279.8072510,  0.1248145,
 2008-Mar-31 12:00, , ,290.0710741,  0.0319438,
 2008-May-31 12:00, , ,291.6196422, -0.0979327,
 2008-Jul-31 12:00, , ,284.7765305, -0.2424942,
 2008-Aug-31 12:00, , ,282.6283028, -0.2927650,
 2008-Oct-31 12:00, , ,286.7657743, -0.3515584,
 2008-Dec-31 12:00, , ,298.8086396, -0.4092016,
 2009-Jan-31 12:00, , ,306.0882960, -0.4520302,
 2009-Mar-31 12:00, , ,319.0075837, -0.5790574,
 2009-May-31 12:00, , ,326.6684776, -0.7973775,
 2009-Jul-31 12:00, , ,323.8863100, -1.0459548,
 2009-Aug-31 12:00, , ,319.9492111, -1.0997607,
 2009-Oct-31 12:00, , ,317.7237123, -1.0278571,
 2009-Dec-31 12:00, , ,326.2578697, -0.9350178,
 2010-Jan-31 12:00, , ,333.0597057, -0.9219337,
 2010-Mar-31 12:00, , ,347.1325788, -0.9744167,
 2010-May-31 12:00, , ,359.1788057, -1.1483066,
 2010-Jul-31 12:00, , ,  3.2971709, -1.4347406,
 2010-Aug-31 12:00, , ,  1.0431663, -1.5611819,
 2010-Oct-31 12:00, , ,354.0613586, -1.5238156,
 2010-Dec-31 12:00, , ,356.4848589, -1.2681918,
 2011-Jan-31 12:00, , ,  1.6556596, -1.1690243,
 2011-Mar-31 12:00, , , 14.9773228, -1.0805915,
 2011-May-31 12:00, , , 29.1506613, -1.1161828,
 2011-Jul-31 12:00, , , 38.9190284, -1.2724783,
 2011-Aug-31 12:00, , , 40.3533336, -1.3823859,
 2011-Oct-31 12:00, , , 34.9563747, -1.4776531,
 2011-Dec-31 12:00, , , 30.4187898, -1.2321930,
 2012-Jan-31 12:00, , , 32.5827625, -1.0796464,
 2012-Mar-31 12:00, , , 43.2028108, -0.8741419,
 2012-May-31 12:00, , , 57.4086007, -0.7814617,
 2012-Jul-31 12:00, , , 70.1840994, -0.7740070,
 2012-Aug-31 12:00, , , 74.5350416, -0.7945615,
 2012-Oct-31 12:00, , , 75.1815890, -0.8315774,
 2012-Dec-31 12:00, , , 67.8206677, -0.7085500,
 2013-Jan-31 12:00, , , 66.3290038, -0.5897228,
 2013-Mar-31 12:00, , , 71.7662655, -0.3926131,
 2013-May-31 12:00, , , 84.1484889, -0.2598189,
 2013-Jul-31 12:00, , , 97.8765103, -0.1657595,
 2013-Aug-31 12:00, , ,103.9122840, -0.1213706,
 2013-Oct-31 12:00, , ,110.4360261, -0.0181337,
 2013-Dec-31 12:00, , ,106.1843396,  0.1224236,