Thu Jan 31 1901 12:00:00 GMT+0000 (GMT),161.32758160530577
Sun Mar 31 1901 12:00:00 GMT+0100 (BST),133.94352232862119
Fri May 31 1901 12:00:00 GMT+0100 (BST),151.29589035288396
Wed Jul 31 1901 12:00:00 GMT+0100 (BST),186.7314439018774
Sat Aug 31 1901 12:00:00 GMT+0100 (BST),207.46894289349373
Thu Oct 31 1901 12:00:00 GMT+0000 (GMT),251.65916391154562
Tue Dec 31 1901 12:00:00 GMT+0000 (GMT),298.84429807881634
Fri Jan 31 1902 12:00:00 GMT+0000 (GMT),323.30811969920546
Mon Mar 31 1902 12:00:00 GMT+0100 (BST),9.395008934709603
Sat May 31 1902 12:00:00 GMT+0100 (BST),54.97418486113558
Thu Jul 31 1902 12:00:00 GMT+0100 (BST),97.6681891667699
Sun Aug 31 1902 12:00:00 GMT+0100 (BST),118.1891067649133
Fri Oct 31 1902 12:00:00 GMT+0000 (GMT),155.91490992018316
Wed Dec 31 1902 12:00:00 GMT+0000 (GMT),187.70395342131505
Sat Jan 31 1903 12:00:00 GMT+0000 (GMT),198.135312107717
Tue Mar 31 1903 12:00:00 GMT+0100 (BST),183.7240474638927
Sun May 31 1903 12:00:00 GMT+0100 (BST),172.17277921807832
Fri Jul 31 1903 12:00:00 GMT+0100 (BST),201.92697468119644
Mon Aug 31 1903 12:00:00 GMT+0100 (BST),222.19675012955383
Sat Oct 31 1903 12:00:00 GMT+0000 (GMT),266.7029708381892
Thu Dec 31 1903 12:00:00 GMT+0000 (GMT),314.17477877117653
Sun Jan 31 1904 12:00:00 GMT+0000 (GMT),338.4424659765123
Thu Mar 31 1904 12:00:00 GMT+0100 (BST),24.275974757957027
Tue May 31 1904 12:00:00 GMT+0100 (BST),68.47961793475936
Sun Jul 31 1904 12:00:00 GMT+0100 (BST),110.21328208451047
Wed Aug 31 1904 12:00:00 GMT+0100 (BST),130.59246370243312
Mon Oct 31 1904 12:00:00 GMT+0000 (GMT),169.20541921574042
Sat Dec 31 1904 12:00:00 GMT+0000 (GMT),205.3410441229841
Tue Jan 31 1905 12:00:00 GMT+0000 (GMT),221.85414658687574
Fri Mar 31 1905 12:00:00 GMT+0100 (BST),241.7950742456558
Wed May 31 1905 12:00:00 GMT+0100 (BST),215.54816494977987
Mon Jul 31 1905 12:00:00 GMT+0100 (BST),223.04194349412975
Thu Aug 31 1905 12:00:00 GMT+0100 (BST),240.99452094212336
Tue Oct 31 1905 12:00:00 GMT+0000 (GMT),284.420345916316
Sun Dec 31 1905 12:00:00 GMT+0000 (GMT),331.1425962466209
Wed Jan 31 1906 12:00:00 GMT+0000 (GMT),354.7053215640493
Sat Mar 31 1906 12:00:00 GMT+0100 (BST),38.09505065191074
Thu May 31 1906 12:00:00 GMT+0100 (BST),80.73549812403516
Tue Jul 31 1906 12:00:00 GMT+0100 (BST),121.58076270185973
Fri Aug 31 1906 12:00:00 GMT+0100 (BST),141.86764957290092
Wed Oct 31 1906 12:00:00 GMT+0000 (GMT),181.24952916047906
Mon Dec 31 1906 12:00:00 GMT+0000 (GMT),220.24042076555392
Thu Jan 31 1907 12:00:00 GMT+0000 (GMT),239.87698015509284
Sun Mar 31 1907 12:00:00 GMT+0100 (BST),275.82917666043704
Fri May 31 1907 12:00:00 GMT+0100 (BST),301.9624780494565
Wed Jul 31 1907 12:00:00 GMT+0100 (BST),275.0462087084946
Sat Aug 31 1907 12:00:00 GMT+0100 (BST),273.5555643457866
Thu Oct 31 1907 12:00:00 GMT+0000 (GMT),306.34957771416265
Tue Dec 31 1907 12:00:00 GMT+0000 (GMT),349.0924208339435
Fri Jan 31 1908 12:00:00 GMT+0000 (GMT),11.013773674462847
Tue Mar 31 1908 12:00:00 GMT+0100 (BST),52.478726327795215
Sun May 31 1908 12:00:00 GMT+0100 (BST),93.30532446454883
Fri Jul 31 1908 12:00:00 GMT+0100 (BST),133.33706926754195
Mon Aug 31 1908 12:00:00 GMT+0100 (BST),153.60134167475923
Sat Oct 31 1908 12:00:00 GMT+0000 (GMT),193.77762682383886
Thu Dec 31 1908 12:00:00 GMT+0000 (GMT),234.95027415406452
Sun Jan 31 1909 12:00:00 GMT+0000 (GMT),256.4507538405248
Wed Mar 31 1909 12:00:00 GMT+0100 (BST),298.4928719380478
Mon May 31 1909 12:00:00 GMT+0100 (BST),342.0046072787255
Sat Jul 31 1909 12:00:00 GMT+0100 (BST),16.55892197811071
Tue Aug 31 1909 12:00:00 GMT+0100 (BST),18.275420769608555
Sun Oct 31 1909 12:00:00 GMT+0000 (GMT),349.0555109378162
Fri Dec 31 1909 12:00:00 GMT+0000 (GMT),11.992631929716593
Mon Jan 31 1910 12:00:00 GMT+0000 (GMT),29.89636602722655
Thu Mar 31 1910 12:00:00 GMT+0100 (BST),66.36711316664703
Tue May 31 1910 12:00:00 GMT+0100 (BST),105.08401063260635
Sun Jul 31 1910 12:00:00 GMT+0100 (BST),144.41612670384256
Wed Aug 31 1910 12:00:00 GMT+0100 (BST),164.74746454033956
Mon Oct 31 1910 12:00:00 GMT+0000 (GMT),205.80431073015316
Sat Dec 31 1910 12:00:00 GMT+0000 (GMT),248.79723125586304
Tue Jan 31 1911 12:00:00 GMT+0000 (GMT),271.5379425738814
Fri Mar 31 1911 12:00:00 GMT+0100 (BST),316.3191347023528
Wed May 31 1911 12:00:00 GMT+0100 (BST),3.1850440965466253
Mon Jul 31 1911 12:00:00 GMT+0100 (BST),46.52284457949292
Thu Aug 31 1911 12:00:00 GMT+0100 (BST),64.52328547592963
Tue Oct 31 1911 12:00:00 GMT+0000 (GMT),73.8374767034257
Sun Dec 31 1911 12:00:00 GMT+0000 (GMT),46.48944918721365
Wed Jan 31 1912 12:00:00 GMT+0000 (GMT),52.93558936810546
Sun Mar 31 1912 12:00:00 GMT+0100 (BST),81.70662258668258
Fri May 31 1912 12:00:00 GMT+0100 (BST),117.69737828493363
Wed Jul 31 1912 12:00:00 GMT+0100 (BST),156.38409763170856
Sat Aug 31 1912 12:00:00 GMT+0100 (BST),176.86657622118642
Thu Oct 31 1912 12:00:00 GMT+0000 (GMT),218.91094141141724
Tue Dec 31 1912 12:00:00 GMT+0000 (GMT),263.50718541503414
Fri Jan 31 1913 12:00:00 GMT+0000 (GMT),287.12243269417473
Mon Mar 31 1913 12:00:00 GMT+0100 (BST),333.2084824177321
Sat May 31 1913 12:00:00 GMT+0100 (BST),20.585675088170298
Thu Jul 31 1913 12:00:00 GMT+0100 (BST),64.79793290883468
Sun Aug 31 1913 12:00:00 GMT+0100 (BST),84.91960172501547
Fri Oct 31 1913 12:00:00 GMT+0000 (GMT),114.63600893209609
Wed Dec 31 1913 12:00:00 GMT+0000 (GMT),103.99802415140823
Sat Jan 31 1914 12:00:00 GMT+0000 (GMT),88.36850902331271
Tue Mar 31 1914 12:00:00 GMT+0100 (BST),98.70790109435313
Sun May 31 1914 12:00:00 GMT+0100 (BST),130.37139076735315
Fri Jul 31 1914 12:00:00 GMT+0100 (BST),168.22042908924195
Mon Aug 31 1914 12:00:00 GMT+0100 (BST),188.8627167175749
Sat Oct 31 1914 12:00:00 GMT+0000 (GMT),231.8690634631761
Thu Dec 31 1914 12:00:00 GMT+0000 (GMT),277.7661621265382
Sun Jan 31 1915 12:00:00 GMT+0000 (GMT),301.9342236302635
Wed Mar 31 1915 12:00:00 GMT+0100 (BST),348.4591002186193
Mon May 31 1915 12:00:00 GMT+0100 (BST),35.425853948269136
Sat Jul 31 1915 12:00:00 GMT+0100 (BST),79.28725076814386
Tue Aug 31 1915 12:00:00 GMT+0100 (BST),99.86980330809799
Sun Oct 31 1915 12:00:00 GMT+0000 (GMT),135.1099524394874
Fri Dec 31 1915 12:00:00 GMT+0000 (GMT),152.64495114379565
Mon Jan 31 1916 12:00:00 GMT+0000 (GMT),141.97237834228125
Fri Mar 31 1916 12:00:00 GMT+0100 (BST),121.82456964020565
Wed May 31 1916 12:00:00 GMT+0100 (BST),145.14725593427016
Mon Jul 31 1916 12:00:00 GMT+0100 (BST),181.5859160644627
Thu Aug 31 1916 12:00:00 GMT+0100 (BST),202.34609478152564
Tue Oct 31 1916 12:00:00 GMT+0000 (GMT),246.26366616494468
Sun Dec 31 1916 12:00:00 GMT+0000 (GMT),293.1769952010161
Wed Jan 31 1917 12:00:00 GMT+0000 (GMT),317.62016905268007
Sat Mar 31 1917 12:00:00 GMT+0100 (BST),3.941942782988083
Thu May 31 1917 12:00:00 GMT+0100 (BST),49.970165644323636
Tue Jul 31 1917 12:00:00 GMT+0100 (BST),93.01204454259624
Fri Aug 31 1917 12:00:00 GMT+0100 (BST),113.57208413562167
Wed Oct 31 1917 12:00:00 GMT+0000 (GMT),150.80712490804507
Mon Dec 31 1917 12:00:00 GMT+0000 (GMT),179.98593397034082
Thu Jan 31 1918 12:00:00 GMT+0000 (GMT),186.27755460398046
Sun Mar 31 1918 12:00:00 GMT+0100 (BST),160.93522451062336
Fri May 31 1918 12:00:00 GMT+0100 (BST),163.05442282173323
Wed Jul 31 1918 12:00:00 GMT+0100 (BST),195.82105343107892
Sat Aug 31 1918 12:00:00 GMT+0100 (BST),216.3704879130903
Thu Oct 31 1918 12:00:00 GMT+0000 (GMT),260.83614588080866
Tue Dec 31 1918 12:00:00 GMT+0000 (GMT),308.27677104776603
Fri Jan 31 1919 12:00:00 GMT+0000 (GMT),332.6682648959076
Mon Mar 31 1919 12:00:00 GMT+0100 (BST),18.219082347386404
Sat May 31 1919 12:00:00 GMT+0100 (BST),63.019011650539674
Thu Jul 31 1919 12:00:00 GMT+0100 (BST),105.1561355116537
Sun Aug 31 1919 12:00:00 GMT+0100 (BST),125.60326177917456
Fri Oct 31 1919 12:00:00 GMT+0000 (GMT),163.930979175496
Wed Dec 31 1919 12:00:00 GMT+0000 (GMT),198.68475965202055
Sat Jan 31 1920 12:00:00 GMT+0000 (GMT),213.41131030446388
Wed Mar 31 1920 12:00:00 GMT+0100 (BST),221.7980831966673
Mon May 31 1920 12:00:00 GMT+0100 (BST),193.46369349997178
Sat Jul 31 1920 12:00:00 GMT+0100 (BST),214.06164804087803
Tue Aug 31 1920 12:00:00 GMT+0100 (BST),233.42332318822156
Sun Oct 31 1920 12:00:00 GMT+0000 (GMT),277.63457465933084
Fri Dec 31 1920 12:00:00 GMT+0000 (GMT),324.8497048232955
Mon Jan 31 1921 12:00:00 GMT+0000 (GMT),348.76272132475884
Thu Mar 31 1921 12:00:00 GMT+0100 (BST),32.89502944745407
Tue May 31 1921 12:00:00 GMT+0100 (BST),76.17475964814004
Sun Jul 31 1921 12:00:00 GMT+0100 (BST),117.3615081927608
Wed Aug 31 1921 12:00:00 GMT+0100 (BST),137.67869874427493
Mon Oct 31 1921 12:00:00 GMT+0000 (GMT),176.76654577209985
Sat Dec 31 1921 12:00:00 GMT+0000 (GMT),214.75816505819571
Tue Jan 31 1922 12:00:00 GMT+0000 (GMT),233.38970893684188
Fri Mar 31 1922 12:00:00 GMT+0100 (BST),264.9571223544689
Wed May 31 1922 12:00:00 GMT+0100 (BST),271.2610310720485
Mon Jul 31 1922 12:00:00 GMT+0100 (BST),245.62502146863687
Thu Aug 31 1922 12:00:00 GMT+0100 (BST),257.1686622954891
Tue Oct 31 1922 12:00:00 GMT+0000 (GMT),296.9225840427467
Sun Dec 31 1922 12:00:00 GMT+0000 (GMT),341.9356482937731
Wed Jan 31 1923 12:00:00 GMT+0000 (GMT),4.666536425448297
Sat Mar 31 1923 12:00:00 GMT+0100 (BST),46.61654985205067
Thu May 31 1923 12:00:00 GMT+0100 (BST),88.19607297960587
Tue Jul 31 1923 12:00:00 GMT+0100 (BST),128.5396802283423
Fri Aug 31 1923 12:00:00 GMT+0100 (BST),148.8028359231773
Wed Oct 31 1923 12:00:00 GMT+0000 (GMT),188.65408787667164
Mon Dec 31 1923 12:00:00 GMT+0000 (GMT),229.01369824819537
Thu Jan 31 1924 12:00:00 GMT+0000 (GMT),249.87243862531392
Mon Mar 31 1924 12:00:00 GMT+0100 (BST),290.79702412896756
Sat May 31 1924 12:00:00 GMT+0100 (BST),330.6712186726669
Thu Jul 31 1924 12:00:00 GMT+0100 (BST),350.01383370687466
Sun Aug 31 1924 12:00:00 GMT+0100 (BST),331.3706686967124
Fri Oct 31 1924 12:00:00 GMT+0000 (GMT),327.9068911705838
Wed Dec 31 1924 12:00:00 GMT+0000 (GMT),2.678255814335965
Sat Jan 31 1925 12:00:00 GMT+0000 (GMT),22.61888057704607
Tue Mar 31 1925 12:00:00 GMT+0100 (BST),61.059791104655424
Sun May 31 1925 12:00:00 GMT+0100 (BST),100.654814920256
Fri Jul 31 1925 12:00:00 GMT+0100 (BST),140.25178684654634
Mon Aug 31 1925 12:00:00 GMT+0100 (BST),160.5471495722937
Sat Oct 31 1925 12:00:00 GMT+0000 (GMT),201.24865652675953
Thu Dec 31 1925 12:00:00 GMT+0000 (GMT),243.56177436913165
Sun Jan 31 1926 12:00:00 GMT+0000 (GMT),265.8708138741774
Wed Mar 31 1926 12:00:00 GMT+0100 (BST),309.8125223625591
Mon May 31 1926 12:00:00 GMT+0100 (BST),355.92975358384183
Sat Jul 31 1926 12:00:00 GMT+0100 (BST),37.769110688581655
Tue Aug 31 1926 12:00:00 GMT+0100 (BST),53.1263844150719
Sun Oct 31 1926 12:00:00 GMT+0000 (GMT),42.484586725470045
Fri Dec 31 1926 12:00:00 GMT+0000 (GMT),30.786745392850296
Mon Jan 31 1927 12:00:00 GMT+0000 (GMT),43.20608886401726
Thu Mar 31 1927 12:00:00 GMT+0100 (BST),75.38440535508273
Tue May 31 1927 12:00:00 GMT+0100 (BST),112.52182516511705
Sun Jul 31 1927 12:00:00 GMT+0100 (BST),151.44393217410675
Wed Aug 31 1927 12:00:00 GMT+0100 (BST),171.84979242431513
Mon Oct 31 1927 12:00:00 GMT+0000 (GMT),213.47684785488744
Sat Dec 31 1927 12:00:00 GMT+0000 (GMT),257.4473441137019
Tue Jan 31 1928 12:00:00 GMT+0000 (GMT),280.746481451878
Sat Mar 31 1928 12:00:00 GMT+0100 (BST),327.21376504605905
Thu May 31 1928 12:00:00 GMT+0100 (BST),14.545426254696064
Tue Jul 31 1928 12:00:00 GMT+0100 (BST),58.646566948400235
Fri Aug 31 1928 12:00:00 GMT+0100 (BST),78.27519151259374
Wed Oct 31 1928 12:00:00 GMT+0000 (GMT),103.15713078291296
Mon Dec 31 1928 12:00:00 GMT+0000 (GMT),79.68633782312267
Thu Jan 31 1929 12:00:00 GMT+0000 (GMT),72.63780844158816
Sun Mar 31 1929 12:00:00 GMT+0100 (BST),91.82960493602823
Fri May 31 1929 12:00:00 GMT+0100 (BST),125.47580437434074
Wed Jul 31 1929 12:00:00 GMT+0100 (BST),163.69207410241083
Sat Aug 31 1929 12:00:00 GMT+0100 (BST),184.27299368038686
Thu Oct 31 1929 12:00:00 GMT+0000 (GMT),226.90623284735494
Tue Dec 31 1929 12:00:00 GMT+0000 (GMT),272.32636481472946
Fri Jan 31 1930 12:00:00 GMT+0000 (GMT),296.311070113754
Mon Mar 31 1930 12:00:00 GMT+0100 (BST),342.74550757913573
Sat May 31 1930 12:00:00 GMT+0100 (BST),29.94647940416947
Thu Jul 31 1930 12:00:00 GMT+0100 (BST),74.02325024211407
Sun Aug 31 1930 12:00:00 GMT+0100 (BST),94.51512700003155
Fri Oct 31 1930 12:00:00 GMT+0000 (GMT),128.28992585946696
Wed Dec 31 1930 12:00:00 GMT+0000 (GMT),137.30732464288116
Sat Jan 31 1931 12:00:00 GMT+0000 (GMT),120.18070727789186
Tue Mar 31 1931 12:00:00 GMT+0100 (BST),111.75891094101242
Sun May 31 1931 12:00:00 GMT+0100 (BST),138.960346917992
Fri Jul 31 1931 12:00:00 GMT+0100 (BST),176.01142772480648
Mon Aug 31 1931 12:00:00 GMT+0100 (BST),196.7190542550721
Sat Oct 31 1931 12:00:00 GMT+0000 (GMT),240.26318963962314
Thu Dec 31 1931 12:00:00 GMT+0000 (GMT),286.7983039000448
Sun Jan 31 1932 12:00:00 GMT+0000 (GMT),311.16440019885925
Thu Mar 31 1932 12:00:00 GMT+0100 (BST),358.42430873328243
Tue May 31 1932 12:00:00 GMT+0100 (BST),44.85226495931263
Sun Jul 31 1932 12:00:00 GMT+0100 (BST),88.22085729581109
Wed Aug 31 1932 12:00:00 GMT+0100 (BST),108.80173943631749
Mon Oct 31 1932 12:00:00 GMT+0000 (GMT),145.40158660375283
Sat Dec 31 1932 12:00:00 GMT+0000 (GMT),171.0575316134049
Tue Jan 31 1933 12:00:00 GMT+0000 (GMT),171.63765227416678
Fri Mar 31 1933 12:00:00 GMT+0100 (BST),142.76380523316982
Wed May 31 1933 12:00:00 GMT+0100 (BST),155.5335063984202
Mon Jul 31 1933 12:00:00 GMT+0100 (BST),190.18696935634395
Thu Aug 31 1933 12:00:00 GMT+0100 (BST),210.87734416565726
Tue Oct 31 1933 12:00:00 GMT+0000 (GMT),255.18275426504096
Sun Dec 31 1933 12:00:00 GMT+0000 (GMT),302.4812350687023
Wed Jan 31 1934 12:00:00 GMT+0000 (GMT),326.93438056701393
Sat Mar 31 1934 12:00:00 GMT+0100 (BST),12.85612932079694
Thu May 31 1934 12:00:00 GMT+0100 (BST),58.17199826675448
Tue Jul 31 1934 12:00:00 GMT+0100 (BST),100.6735176645571
Fri Aug 31 1934 12:00:00 GMT+0100 (BST),121.17205025105534
Wed Oct 31 1934 12:00:00 GMT+0000 (GMT),159.13913443746182
Mon Dec 31 1934 12:00:00 GMT+0000 (GMT),192.13292638583405
Thu Jan 31 1935 12:00:00 GMT+0000 (GMT),204.37507271565985
Sun Mar 31 1935 12:00:00 GMT+0100 (BST),198.3198023275077
Fri May 31 1935 12:00:00 GMT+0100 (BST),178.9209028339396
Wed Jul 31 1935 12:00:00 GMT+0100 (BST),206.09440823765055
Sat Aug 31 1935 12:00:00 GMT+0100 (BST),226.0989078362708
Thu Oct 31 1935 12:00:00 GMT+0000 (GMT),270.53680235251176
Tue Dec 31 1935 12:00:00 GMT+0000 (GMT),317.9613894803428
Fri Jan 31 1936 12:00:00 GMT+0000 (GMT),342.1301019019282
Tue Mar 31 1936 12:00:00 GMT+0100 (BST),27.66173951978997
Sun May 31 1936 12:00:00 GMT+0100 (BST),71.54789059364067
Fri Jul 31 1936 12:00:00 GMT+0100 (BST),113.08725172759269
Mon Aug 31 1936 12:00:00 GMT+0100 (BST),133.44405311037258
Sat Oct 31 1936 12:00:00 GMT+0000 (GMT),172.23451141451247
Thu Dec 31 1936 12:00:00 GMT+0000 (GMT),209.09181397179808
Sun Jan 31 1937 12:00:00 GMT+0000 (GMT),226.46640236076252
Wed Mar 31 1937 12:00:00 GMT+0100 (BST),251.48392358533852
Mon May 31 1937 12:00:00 GMT+0100 (BST),233.76473874665922
Sat Jul 31 1937 12:00:00 GMT+0100 (BST),229.8071137741052
Tue Aug 31 1937 12:00:00 GMT+0100 (BST),246.34062504980807
Sun Oct 31 1937 12:00:00 GMT+0000 (GMT),288.9291728694497
Fri Dec 31 1937 12:00:00 GMT+0000 (GMT),335.2056599879074
Mon Jan 31 1938 12:00:00 GMT+0000 (GMT),358.5184949257878
Thu Mar 31 1938 12:00:00 GMT+0100 (BST),41.4401195388213
Tue May 31 1938 12:00:00 GMT+0100 (BST),83.7137985510512
Sun Jul 31 1938 12:00:00 GMT+0100 (BST),124.3774792101139
Wed Aug 31 1938 12:00:00 GMT+0100 (BST),144.6532657466161
Mon Oct 31 1938 12:00:00 GMT+0000 (GMT),184.20198189276428
Sat Dec 31 1938 12:00:00 GMT+0000 (GMT),223.70662933817928
Tue Jan 31 1939 12:00:00 GMT+0000 (GMT),243.8228308086739
Fri Mar 31 1939 12:00:00 GMT+0100 (BST),281.59586107420466
Wed May 31 1939 12:00:00 GMT+0100 (BST),314.5255363404068
Mon Jul 31 1939 12:00:00 GMT+0100 (BST),302.53410213746025
Thu Aug 31 1939 12:00:00 GMT+0100 (BST),288.5798371799928
Tue Oct 31 1939 12:00:00 GMT+0000 (GMT),313.09199547622336
Sun Dec 31 1939 12:00:00 GMT+0000 (GMT),353.79826377256643
Wed Jan 31 1940 12:00:00 GMT+0000 (GMT),15.130304514129811
Sun Mar 31 1940 12:00:00 GMT+0100 (BST),55.83267316874416
Fri May 31 1940 12:00:00 GMT+0100 (BST),96.23512802404136
Wed Jul 31 1940 12:00:00 GMT+0100 (BST),136.10781933831808
Sat Aug 31 1940 12:00:00 GMT+0100 (BST),156.37951470698764
Thu Oct 31 1940 12:00:00 GMT+0000 (GMT),196.7391264001845
Tue Dec 31 1940 12:00:00 GMT+0000 (GMT),238.3313377169913
Fri Jan 31 1941 12:00:00 GMT+0000 (GMT),260.14214902601316
Mon Mar 31 1941 12:00:00 GMT+0100 (BST),302.96564666706905
Sat May 31 1941 12:00:00 GMT+0100 (BST),347.7059965170568
Thu Jul 31 1941 12:00:00 GMT+0100 (BST),26.11252022664576
Sun Aug 31 1941 12:00:00 GMT+0100 (BST),35.18115191421043
Fri Oct 31 1941 12:00:00 GMT+0000 (GMT),6.219853004077227
Wed Dec 31 1941 12:00:00 GMT+0000 (GMT),18.386517462239773
Sat Jan 31 1942 12:00:00 GMT+0000 (GMT),34.71928705684287
Tue Mar 31 1942 12:00:00 GMT+0100 (BST),69.84966365225968
Sun May 31 1942 12:00:00 GMT+0100 (BST),108.03264387699497
Fri Jul 31 1942 12:00:00 GMT+0100 (BST),147.21653316614012
Mon Aug 31 1942 12:00:00 GMT+0100 (BST),167.57096018071113
Sat Oct 31 1942 12:00:00 GMT+0000 (GMT),208.826781351818
Thu Dec 31 1942 12:00:00 GMT+0000 (GMT),252.17676770375598
Sun Jan 31 1943 12:00:00 GMT+0000 (GMT),275.1302061404374
Wed Mar 31 1943 12:00:00 GMT+0100 (BST),320.2817317324889
Mon May 31 1943 12:00:00 GMT+0100 (BST),7.397876377726297
Sat Jul 31 1943 12:00:00 GMT+0100 (BST),51.190363834323804
Tue Aug 31 1943 12:00:00 GMT+0100 (BST),70.02568855924544
Sun Oct 31 1943 12:00:00 GMT+0000 (GMT),86.9859945922156
Fri Dec 31 1943 12:00:00 GMT+0000 (GMT),57.740242310089435
Mon Jan 31 1944 12:00:00 GMT+0000 (GMT),59.64878207417776
Fri Mar 31 1944 12:00:00 GMT+0100 (BST),85.52371201949347
Wed May 31 1944 12:00:00 GMT+0100 (BST),120.74809475940705
Mon Jul 31 1944 12:00:00 GMT+0100 (BST),159.27252496028518
Thu Aug 31 1944 12:00:00 GMT+0100 (BST),179.7881755518232
Tue Oct 31 1944 12:00:00 GMT+0000 (GMT),222.0401994904188
Sun Dec 31 1944 12:00:00 GMT+0000 (GMT),266.9389752198392
Wed Jan 31 1945 12:00:00 GMT+0000 (GMT),290.697079854374
Sat Mar 31 1945 12:00:00 GMT+0100 (BST),336.9380477987153
Thu May 31 1945 12:00:00 GMT+0100 (BST),24.285143589194938
Tue Jul 31 1945 12:00:00 GMT+0100 (BST),68.49148999457583
Fri Aug 31 1945 12:00:00 GMT+0100 (BST),88.79484086956168
Wed Oct 31 1945 12:00:00 GMT+0000 (GMT),120.34298801434093
Mon Dec 31 1945 12:00:00 GMT+0000 (GMT),117.56608010970041
Thu Jan 31 1946 12:00:00 GMT+0000 (GMT),99.32680198062727
Sun Mar 31 1946 12:00:00 GMT+0100 (BST),103.39896621375658
Fri May 31 1946 12:00:00 GMT+0100 (BST),133.67347841867058
Wed Jul 31 1946 12:00:00 GMT+0100 (BST),171.26549688978648
Sat Aug 31 1946 12:00:00 GMT+0100 (BST),191.9329675398717
Thu Oct 31 1946 12:00:00 GMT+0000 (GMT),235.1328462067819
Tue Dec 31 1946 12:00:00 GMT+0000 (GMT),281.2688138716433
Fri Jan 31 1947 12:00:00 GMT+0000 (GMT),305.518656869615
Mon Mar 31 1947 12:00:00 GMT+0100 (BST),352.0529411702834
Sat May 31 1947 12:00:00 GMT+0100 (BST),38.862872749053274
Thu Jul 31 1947 12:00:00 GMT+0100 (BST),82.58749894048717
Sun Aug 31 1947 12:00:00 GMT+0100 (BST),103.19911559526582
Fri Oct 31 1947 12:00:00 GMT+0000 (GMT),139.06949248357688
Wed Dec 31 1947 12:00:00 GMT+0000 (GMT),160.23972641505756
Sat Jan 31 1948 12:00:00 GMT+0000 (GMT),154.0599420086873
Wed Mar 31 1948 12:00:00 GMT+0100 (BST),128.80778398494655
Mon May 31 1948 12:00:00 GMT+0100 (BST),148.98988398499057
Sat Jul 31 1948 12:00:00 GMT+0100 (BST),184.89013330333222
Tue Aug 31 1948 12:00:00 GMT+0100 (BST),205.63693571529055
Sun Oct 31 1948 12:00:00 GMT+0000 (GMT),249.70310841516647
Fri Dec 31 1948 12:00:00 GMT+0000 (GMT),296.7715136311581
Mon Jan 31 1949 12:00:00 GMT+0000 (GMT),321.23168882957486
Thu Mar 31 1949 12:00:00 GMT+0100 (BST),7.435960974347681
Tue May 31 1949 12:00:00 GMT+0100 (BST),53.22600940856191
Sun Jul 31 1949 12:00:00 GMT+0100 (BST),96.08394759124799
Wed Aug 31 1949 12:00:00 GMT+0100 (BST),116.62846235052426
Mon Oct 31 1949 12:00:00 GMT+0000 (GMT),154.16416055772058
Sat Dec 31 1949 12:00:00 GMT+0000 (GMT),184.9221321046313
Tue Jan 31 1950 12:00:00 GMT+0000 (GMT),193.7412559493287
Fri Mar 31 1950 12:00:00 GMT+0100 (BST),173.85982178978406
Wed May 31 1950 12:00:00 GMT+0100 (BST),168.40688022219726
Mon Jul 31 1950 12:00:00 GMT+0100 (BST),199.62704361936315
Thu Aug 31 1950 12:00:00 GMT+0100 (BST),220.03149130954498
Tue Oct 31 1950 12:00:00 GMT+0000 (GMT),264.52580079675505
Sun Dec 31 1950 12:00:00 GMT+0000 (GMT),311.9953965979589
Wed Jan 31 1951 12:00:00 GMT+0000 (GMT),336.3267397399494
Sat Mar 31 1951 12:00:00 GMT+0100 (BST),21.635327506209677
Thu May 31 1951 12:00:00 GMT+0100 (BST),66.13708126831295
Tue Jul 31 1951 12:00:00 GMT+0100 (BST),108.07617505744236
Fri Aug 31 1951 12:00:00 GMT+0100 (BST),128.49744606171438
Wed Oct 31 1951 12:00:00 GMT+0000 (GMT),167.01328607670303
Mon Dec 31 1951 12:00:00 GMT+0000 (GMT),202.6143536228265
Thu Jan 31 1952 12:00:00 GMT+0000 (GMT),218.4516668990748
Mon Mar 31 1952 12:00:00 GMT+0100 (BST),234.16058748265692
Sat May 31 1952 12:00:00 GMT+0100 (BST),205.13234631003075
Thu Jul 31 1952 12:00:00 GMT+0100 (BST),219.2891850668712
Sun Aug 31 1952 12:00:00 GMT+0100 (BST),237.9649644415988
Fri Oct 31 1952 12:00:00 GMT+0000 (GMT),281.801346769866
Wed Dec 31 1952 12:00:00 GMT+0000 (GMT),328.77906726963806
Sat Jan 31 1953 12:00:00 GMT+0000 (GMT),352.5126620831591
Tue Mar 31 1953 12:00:00 GMT+0100 (BST),36.25139356299632
Sun May 31 1953 12:00:00 GMT+0100 (BST),79.18376322456834
Fri Jul 31 1953 12:00:00 GMT+0100 (BST),120.18240030926219
Mon Aug 31 1953 12:00:00 GMT+0100 (BST),140.48293380656315
Sat Oct 31 1953 12:00:00 GMT+0000 (GMT),179.7371808526664
Thu Dec 31 1953 12:00:00 GMT+0000 (GMT),218.30367231099348
Sun Jan 31 1954 12:00:00 GMT+0000 (GMT),237.52531817600135
Wed Mar 31 1954 12:00:00 GMT+0100 (BST),271.7682397994255
Mon May 31 1954 12:00:00 GMT+0100 (BST),290.562752708238
Sat Jul 31 1954 12:00:00 GMT+0100 (BST),260.09075763776366
Tue Aug 31 1954 12:00:00 GMT+0100 (BST),265.78263326123215
Sun Oct 31 1954 12:00:00 GMT+0000 (GMT),302.41287951986845
Fri Dec 31 1954 12:00:00 GMT+0000 (GMT),346.3198625605675
Mon Jan 31 1955 12:00:00 GMT+0000 (GMT),8.633479963972201
Thu Mar 31 1955 12:00:00 GMT+0100 (BST),49.96366859772667
Tue May 31 1955 12:00:00 GMT+0100 (BST),91.14153755747397
Sun Jul 31 1955 12:00:00 GMT+0100 (BST),131.3147611803919
Wed Aug 31 1955 12:00:00 GMT+0100 (BST),151.57662872371694
Mon Oct 31 1955 12:00:00 GMT+0000 (GMT),191.60093362250805
Sat Dec 31 1955 12:00:00 GMT+0000 (GMT),232.4069884732017
Tue Jan 31 1956 12:00:00 GMT+0000 (GMT),253.62719751086695
Sat Mar 31 1956 12:00:00 GMT+0100 (BST),295.63607524431086
Thu May 31 1956 12:00:00 GMT+0100 (BST),337.83920981247286
Tue Jul 31 1956 12:00:00 GMT+0100 (BST),7.591482503235133
Fri Aug 31 1956 12:00:00 GMT+0100 (BST),0.7941095069458037
Wed Oct 31 1956 12:00:00 GMT+0000 (GMT),339.0988800566982
Mon Dec 31 1956 12:00:00 GMT+0000 (GMT),8.18433908470041
Thu Jan 31 1957 12:00:00 GMT+0000 (GMT),27.080364343981188
Sun Mar 31 1957 12:00:00 GMT+0100 (BST),64.47422829116475
Fri May 31 1957 12:00:00 GMT+0100 (BST),103.5875766774063
Wed Jul 31 1957 12:00:00 GMT+0100 (BST),143.0339676922642
Sat Aug 31 1957 12:00:00 GMT+0100 (BST),163.34668949944265
Thu Oct 31 1957 12:00:00 GMT+0000 (GMT),204.24133730106536
Tue Dec 31 1957 12:00:00 GMT+0000 (GMT),246.93366032674425
Fri Jan 31 1958 12:00:00 GMT+0000 (GMT),269.48836809298757
Mon Mar 31 1958 12:00:00 GMT+0100 (BST),313.92409327117366
Sat May 31 1958 12:00:00 GMT+0100 (BST),0.5194150970902205
Thu Jul 31 1958 12:00:00 GMT+0100 (BST),43.361701809085716
Sun Aug 31 1958 12:00:00 GMT+0100 (BST),60.47325999002903
Fri Oct 31 1958 12:00:00 GMT+0000 (GMT),62.10521087838922
Wed Dec 31 1958 12:00:00 GMT+0000 (GMT),39.623046883451664
Sat Jan 31 1959 12:00:00 GMT+0000 (GMT),48.95870806671955
Tue Mar 31 1959 12:00:00 GMT+0100 (BST),79.04587164888295
Sun May 31 1959 12:00:00 GMT+0100 (BST),115.52360700167135
Fri Jul 31 1959 12:00:00 GMT+0100 (BST),154.2905954290581
Mon Aug 31 1959 12:00:00 GMT+0100 (BST),174.72574506005301
Sat Oct 31 1959 12:00:00 GMT+0000 (GMT),216.55716024796547
Thu Dec 31 1959 12:00:00 GMT+0000 (GMT),260.8514190760042
Sun Jan 31 1960 12:00:00 GMT+0000 (GMT),284.3194783327865
Thu Mar 31 1960 12:00:00 GMT+0100 (BST),331.0181003964217
Tue May 31 1960 12:00:00 GMT+0100 (BST),18.398377624445136
Sun Jul 31 1960 12:00:00 GMT+0100 (BST),62.602195158565564
Wed Aug 31 1960 12:00:00 GMT+0100 (BST),82.55470885901696
Mon Oct 31 1960 12:00:00 GMT+0000 (GMT),110.52161961847871
Sat Dec 31 1960 12:00:00 GMT+0000 (GMT),93.96310351925848
Tue Jan 31 1961 12:00:00 GMT+0000 (GMT),81.59973473163377
Fri Mar 31 1961 12:00:00 GMT+0100 (BST),96.08173783580939
Wed May 31 1961 12:00:00 GMT+0100 (BST),128.6567323238918
Mon Jul 31 1961 12:00:00 GMT+0100 (BST),166.66647657875225
Thu Aug 31 1961 12:00:00 GMT+0100 (BST),187.27826658558507
Tue Oct 31 1961 12:00:00 GMT+0000 (GMT),230.11341604615131
Sun Dec 31 1961 12:00:00 GMT+0000 (GMT),275.7988303352123
Wed Jan 31 1962 12:00:00 GMT+0000 (GMT),299.88896705330205
Sat Mar 31 1962 12:00:00 GMT+0100 (BST),346.3856338119276
Thu May 31 1962 12:00:00 GMT+0100 (BST),33.47117872859942
Tue Jul 31 1962 12:00:00 GMT+0100 (BST),77.44709126810145
Fri Aug 31 1962 12:00:00 GMT+0100 (BST),98.0068504289767
Wed Oct 31 1962 12:00:00 GMT+0000 (GMT),132.69913526898958
Mon Dec 31 1962 12:00:00 GMT+0000 (GMT),146.96444979964923
Thu Jan 31 1963 12:00:00 GMT+0000 (GMT),133.1350558414017
Sun Mar 31 1963 12:00:00 GMT+0100 (BST),117.60668317002981
Fri May 31 1963 12:00:00 GMT+0100 (BST),142.54647573755406
Wed Jul 31 1963 12:00:00 GMT+0100 (BST),179.1985460208983
Sat Aug 31 1963 12:00:00 GMT+0100 (BST),199.91177717631186
Thu Oct 31 1963 12:00:00 GMT+0000 (GMT),243.62592353036752
Tue Dec 31 1963 12:00:00 GMT+0000 (GMT),290.3531309867165
Fri Jan 31 1964 12:00:00 GMT+0000 (GMT),314.7635880602131
Tue Mar 31 1964 12:00:00 GMT+0100 (BST),1.9540381968510119
Sun May 31 1964 12:00:00 GMT+0100 (BST),48.17190490555735
Fri Jul 31 1964 12:00:00 GMT+0100 (BST),91.37029617577527
Mon Aug 31 1964 12:00:00 GMT+0100 (BST),111.94787379891919
Sat Oct 31 1964 12:00:00 GMT+0000 (GMT),148.94004558830196
Thu Dec 31 1964 12:00:00 GMT+0000 (GMT),176.7463443317084
Sun Jan 31 1965 12:00:00 GMT+0000 (GMT),180.7992946851572
Wed Mar 31 1965 12:00:00 GMT+0100 (BST),152.96501191059698
Mon May 31 1965 12:00:00 GMT+0100 (BST),160.08258533079234
Sat Jul 31 1965 12:00:00 GMT+0100 (BST),193.748508062627
Tue Aug 31 1965 12:00:00 GMT+0100 (BST),214.36427884537096
Sun Oct 31 1965 12:00:00 GMT+0000 (GMT),258.75961705776916
Fri Dec 31 1965 12:00:00 GMT+0000 (GMT),306.1448117635629
Mon Jan 31 1966 12:00:00 GMT+0000 (GMT),330.57086837236614
Thu Mar 31 1966 12:00:00 GMT+0100 (BST),16.300762296088873
Tue May 31 1966 12:00:00 GMT+0100 (BST),61.340299390781205
Sun Jul 31 1966 12:00:00 GMT+0100 (BST),103.6460438217578
Wed Aug 31 1966 12:00:00 GMT+0100 (BST),124.11979991397013
Mon Oct 31 1966 12:00:00 GMT+0000 (GMT),162.3036063145703
Sat Dec 31 1966 12:00:00 GMT+0000 (GMT),196.34594894774412
Tue Jan 31 1967 12:00:00 GMT+0000 (GMT),210.09282443386982
Fri Mar 31 1967 12:00:00 GMT+0100 (BST),212.65164704861567
Wed May 31 1967 12:00:00 GMT+0100 (BST),186.94758722117473
Mon Jul 31 1967 12:00:00 GMT+0100 (BST),210.5533794652173
Thu Aug 31 1967 12:00:00 GMT+0100 (BST),230.18388246306102
Tue Oct 31 1967 12:00:00 GMT+0000 (GMT),274.4715142352865
Sun Dec 31 1967 12:00:00 GMT+0000 (GMT),321.7943387910605
Wed Jan 31 1968 12:00:00 GMT+0000 (GMT),345.83908783270107
Sun Mar 31 1968 12:00:00 GMT+0100 (BST),31.036074177456513
Fri May 31 1968 12:00:00 GMT+0100 (BST),74.59380723435335
Wed Jul 31 1968 12:00:00 GMT+0100 (BST),115.94017329112036
Sat Aug 31 1968 12:00:00 GMT+0100 (BST),136.2759828040242
Thu Oct 31 1968 12:00:00 GMT+0000 (GMT),175.23742676896015
Tue Dec 31 1968 12:00:00 GMT+0000 (GMT),212.75344046029224
Fri Jan 31 1969 12:00:00 GMT+0000 (GMT),230.87269239390255
Mon Mar 31 1969 12:00:00 GMT+0100 (BST),259.91404440438964
Sat May 31 1969 12:00:00 GMT+0100 (BST),255.2482579889613
Thu Jul 31 1969 12:00:00 GMT+0100 (BST),238.1736911214892
Sun Aug 31 1969 12:00:00 GMT+0100 (BST),252.43631895406438
Fri Oct 31 1969 12:00:00 GMT+0000 (GMT),293.7075600741593
Wed Dec 31 1969 12:00:00 GMT+0000 (GMT),339.3658579698272
Sat Jan 31 1970 12:00:00 GMT+0000 (GMT),2.3788532866119927
Tue Mar 31 1970 12:00:00 GMT+0000 (BST),44.783798162989676
Sun May 31 1970 12:00:00 GMT+0000 (BST),86.6786933600402
Fri Jul 31 1970 12:00:00 GMT+0000 (BST),127.16432857518541
Mon Aug 31 1970 12:00:00 GMT+0000 (BST),147.43218385424936
Sat Oct 31 1970 12:00:00 GMT+0000 (GMT),187.14880993977187
Thu Dec 31 1970 12:00:00 GMT+0000 (GMT),227.13903926912286
Sun Jan 31 1971 12:00:00 GMT+0000 (GMT),247.68569802626297
Wed Mar 31 1971 12:00:00 GMT+0000 (BST),286.94337496754724
Mon May 31 1971 12:00:00 GMT+0000 (BST),324.4209669338309
Sat Jul 31 1971 12:00:00 GMT+0000 (BST),332.3323157846671
Tue Aug 31 1971 12:00:00 GMT+0000 (BST),310.6633299790134
Sun Oct 31 1971 12:00:00 GMT+0000 (GMT),320.981383325814
Fri Dec 31 1971 12:00:00 GMT+0000 (GMT),358.7503434190153
Mon Jan 31 1972 12:00:00 GMT+0000 (GMT),19.35918282713293
Fri Mar 31 1972 12:00:00 GMT+0100 (BST),59.20382228022411
Wed May 31 1972 12:00:00 GMT+0100 (BST),99.16359655454819
Mon Jul 31 1972 12:00:00 GMT+0100 (BST),138.8803847318565
Thu Aug 31 1972 12:00:00 GMT+0100 (BST),159.16298066362216
Tue Oct 31 1972 12:00:00 GMT+0000 (GMT),199.7090821339814
Sun Dec 31 1972 12:00:00 GMT+0000 (GMT),241.70489099718804
Wed Jan 31 1973 12:00:00 GMT+0000 (GMT),263.8002898884812
Sat Mar 31 1973 12:00:00 GMT+0100 (BST),307.2841192687954
Thu May 31 1973 12:00:00 GMT+0100 (BST),352.8974138622203
Tue Jul 31 1973 12:00:00 GMT+0100 (BST),33.60541921884096
Fri Aug 31 1973 12:00:00 GMT+0100 (BST),46.937061242167
Wed Oct 31 1973 12:00:00 GMT+0000 (GMT),26.766202466834002
Mon Dec 31 1973 12:00:00 GMT+0000 (GMT),25.48835190445744
Thu Jan 31 1974 12:00:00 GMT+0000 (GMT),39.818604479217086
Sun Mar 31 1974 12:00:00 GMT+0100 (BST),73.38651586040983
Fri May 31 1974 12:00:00 GMT+0100 (BST),110.99670593913962
Wed Jul 31 1974 12:00:00 GMT+0100 (BST),150.03100282685
Sat Aug 31 1974 12:00:00 GMT+0100 (BST),170.4109426901063
Thu Oct 31 1974 12:00:00 GMT+0000 (GMT),211.86788790283458
Tue Dec 31 1974 12:00:00 GMT+0000 (GMT),255.56274742196024
Fri Jan 31 1975 12:00:00 GMT+0000 (GMT),278.7123529980677
Mon Mar 31 1975 12:00:00 GMT+0100 (BST),324.1780837100464
Sat May 31 1975 12:00:00 GMT+0100 (BST),11.457881051035123
Thu Jul 31 1975 12:00:00 GMT+0100 (BST),55.53374734876256
Sun Aug 31 1975 12:00:00 GMT+0100 (BST),74.94371076404278
Fri Oct 31 1975 12:00:00 GMT+0000 (GMT),97.30301875463877
Wed Dec 31 1975 12:00:00 GMT+0000 (GMT),70.4840019245617
Sat Jan 31 1976 12:00:00 GMT+0000 (GMT),67.0987844763463
Wed Mar 31 1976 12:00:00 GMT+0100 (BST),89.47247307979615
Mon May 31 1976 12:00:00 GMT+0100 (BST),123.83923160988513
Sat Jul 31 1976 12:00:00 GMT+0100 (BST),162.1887054701427
Tue Aug 31 1976 12:00:00 GMT+0100 (BST),182.73729668200775
Sun Oct 31 1976 12:00:00 GMT+0000 (GMT),225.1956076334676
Fri Dec 31 1976 12:00:00 GMT+0000 (GMT),270.3839628104369
Mon Jan 31 1977 12:00:00 GMT+0000 (GMT),294.27138579941675
Thu Mar 31 1977 12:00:00 GMT+0100 (BST),340.63237859717754
Tue May 31 1977 12:00:00 GMT+0100 (BST),27.915081424829822
Sun Jul 31 1977 12:00:00 GMT+0100 (BST),72.07361612701504
Wed Aug 31 1977 12:00:00 GMT+0100 (BST),92.50666275079548
Mon Oct 31 1977 12:00:00 GMT+0000 (GMT),125.45695239620906
Sat Dec 31 1977 12:00:00 GMT+0000 (GMT),129.82125932228988
Tue Jan 31 1978 12:00:00 GMT+0000 (GMT),111.35785039758335
Fri Mar 31 1978 12:00:00 GMT+0100 (BST),108.42936993541856
Wed May 31 1978 12:00:00 GMT+0100 (BST),137.0629446743694
Mon Jul 31 1978 12:00:00 GMT+0100 (BST),174.35654405231483
Thu Aug 31 1978 12:00:00 GMT+0100 (BST),195.04361358553837
Tue Oct 31 1978 12:00:00 GMT+0000 (GMT),238.42993716220954
Sun Dec 31 1978 12:00:00 GMT+0000 (GMT),284.7890052358633
Wed Jan 31 1979 12:00:00 GMT+0000 (GMT),309.10755942808214
Sat Mar 31 1979 12:00:00 GMT+0100 (BST),355.6237207936552
Thu May 31 1979 12:00:00 GMT+0100 (BST),42.25685907680891
Tue Jul 31 1979 12:00:00 GMT+0100 (BST),85.82928803299659
Fri Aug 31 1979 12:00:00 GMT+0100 (BST),106.45418708426186
Wed Oct 31 1979 12:00:00 GMT+0000 (GMT),142.8423435173238
Mon Dec 31 1979 12:00:00 GMT+0000 (GMT),166.96259974668374
Thu Jan 31 1980 12:00:00 GMT+0000 (GMT),165.08705825081643
Mon Mar 31 1980 12:00:00 GMT+0100 (BST),136.74992116371206
Sat May 31 1980 12:00:00 GMT+0100 (BST),153.03773528878494
Thu Jul 31 1980 12:00:00 GMT+0100 (BST),188.27450418118195
Sun Aug 31 1980 12:00:00 GMT+0100 (BST),208.9903141952283
Fri Oct 31 1980 12:00:00 GMT+0000 (GMT),253.1875064971113
Wed Dec 31 1980 12:00:00 GMT+0000 (GMT),300.38886908768256
Sat Jan 31 1981 12:00:00 GMT+0000 (GMT),324.8511750965055
Tue Mar 31 1981 12:00:00 GMT+0100 (BST),10.911873087626665
Sun May 31 1981 12:00:00 GMT+0100 (BST),56.44943210944059
Fri Jul 31 1981 12:00:00 GMT+0100 (BST),99.11768207940517
Mon Aug 31 1981 12:00:00 GMT+0100 (BST),119.64189261061634
Sat Oct 31 1981 12:00:00 GMT+0000 (GMT),157.44035158938962
Thu Dec 31 1981 12:00:00 GMT+0000 (GMT),189.54369253906012
Sun Jan 31 1982 12:00:00 GMT+0000 (GMT),200.44922355069713
Wed Mar 31 1982 12:00:00 GMT+0100 (BST),188.00171199960167
Mon May 31 1982 12:00:00 GMT+0100 (BST),174.44958865195238
Sat Jul 31 1982 12:00:00 GMT+0100 (BST),203.6177695313026
Tue Aug 31 1982 12:00:00 GMT+0100 (BST),223.81713318163418
Sun Oct 31 1982 12:00:00 GMT+0000 (GMT),268.2911241247278
Fri Dec 31 1982 12:00:00 GMT+0000 (GMT),315.7504030481072
Mon Jan 31 1983 12:00:00 GMT+0000 (GMT),340.0010487128922
Thu Mar 31 1983 12:00:00 GMT+0100 (BST),25.0380473948128
Tue May 31 1983 12:00:00 GMT+0100 (BST),69.22994102912455
Sun Jul 31 1983 12:00:00 GMT+0100 (BST),110.97071909018089
Wed Aug 31 1983 12:00:00 GMT+0100 (BST),131.36637201471453
Mon Oct 31 1983 12:00:00 GMT+0000 (GMT),170.05888744106588
Sat Dec 31 1983 12:00:00 GMT+0000 (GMT),206.4206570820536
Tue Jan 31 1984 12:00:00 GMT+0000 (GMT),223.20355125161993
Sat Mar 31 1984 12:00:00 GMT+0100 (BST),244.94896951146063
Thu May 31 1984 12:00:00 GMT+0100 (BST),220.23121015136502
Tue Jul 31 1984 12:00:00 GMT+0100 (BST),225.24427521405318
Fri Aug 31 1984 12:00:00 GMT+0100 (BST),242.89912308870697
Wed Oct 31 1984 12:00:00 GMT+0000 (GMT),286.1427351890021
Mon Dec 31 1984 12:00:00 GMT+0000 (GMT),332.7791993060544
Thu Jan 31 1985 12:00:00 GMT+0000 (GMT),356.2966366435525
Sun Mar 31 1985 12:00:00 GMT+0100 (BST),39.60166858435678
Fri May 31 1985 12:00:00 GMT+0100 (BST),82.17555465936526
Wed Jul 31 1985 12:00:00 GMT+0100 (BST),122.98902988861177
Sat Aug 31 1985 12:00:00 GMT+0100 (BST),143.27557376337742
Thu Oct 31 1985 12:00:00 GMT+0000 (GMT),182.6951710404135
Tue Dec 31 1985 12:00:00 GMT+0000 (GMT),221.79871518313215
Fri Jan 31 1986 12:00:00 GMT+0000 (GMT),241.54305494075174
Mon Mar 31 1986 12:00:00 GMT+0100 (BST),277.928708500136
Sat May 31 1986 12:00:00 GMT+0100 (BST),305.8505805137108
Thu Jul 31 1986 12:00:00 GMT+0100 (BST),281.4177408190113
Sun Aug 31 1986 12:00:00 GMT+0100 (BST),277.2376860559026
Fri Oct 31 1986 12:00:00 GMT+0000 (GMT),308.51615790315657
Wed Dec 31 1986 12:00:00 GMT+0000 (GMT),350.87212383182896
Sat Jan 31 1987 12:00:00 GMT+0000 (GMT),12.680187482071359
Tue Mar 31 1987 12:00:00 GMT+0100 (BST),53.31967540520705
Sun May 31 1987 12:00:00 GMT+0100 (BST),94.08052790247815
Fri Jul 31 1987 12:00:00 GMT+0100 (BST),134.08695092871818
Mon Aug 31 1987 12:00:00 GMT+0100 (BST),154.35104880373422
Sat Oct 31 1987 12:00:00 GMT+0000 (GMT),194.55132058178685
Thu Dec 31 1987 12:00:00 GMT+0000 (GMT),235.78496827699058
Sun Jan 31 1988 12:00:00 GMT+0000 (GMT),257.3348218945707
Thu Mar 31 1988 12:00:00 GMT+0100 (BST),300.24994125288356
Tue May 31 1988 12:00:00 GMT+0100 (BST),344.06848420139835
Sun Jul 31 1988 12:00:00 GMT+0100 (BST),19.715697367537498
Wed Aug 31 1988 12:00:00 GMT+0100 (BST),23.51159719887308
Mon Oct 31 1988 12:00:00 GMT+0000 (GMT),353.39042491496684
Sat Dec 31 1988 12:00:00 GMT+0000 (GMT),14.149043370080722
Tue Jan 31 1989 12:00:00 GMT+0000 (GMT),31.732832669835993
Fri Mar 31 1989 12:00:00 GMT+0100 (BST),67.92538607175484
Wed May 31 1989 12:00:00 GMT+0100 (BST),106.52850697024176
Mon Jul 31 1989 12:00:00 GMT+0100 (BST),145.82531414207656
Thu Aug 31 1989 12:00:00 GMT+0100 (BST),166.15840095143741
Tue Oct 31 1989 12:00:00 GMT+0000 (GMT),207.24906502255135
Sun Dec 31 1989 12:00:00 GMT+0000 (GMT),250.30764739743066
Wed Jan 31 1990 12:00:00 GMT+0000 (GMT),273.08893034433584
Sat Mar 31 1990 12:00:00 GMT+0100 (BST),317.9455679943309
Thu May 31 1990 12:00:00 GMT+0100 (BST),4.877704516753426
Tue Jul 31 1990 12:00:00 GMT+0100 (BST),48.36244225250345
Fri Aug 31 1990 12:00:00 GMT+0100 (BST),66.60817089928919
Wed Oct 31 1990 12:00:00 GMT+0000 (GMT),78.02316562170515
Mon Dec 31 1990 12:00:00 GMT+0000 (GMT),49.770654862145236
Thu Jan 31 1991 12:00:00 GMT+0000 (GMT),55.21633164959662
Sun Mar 31 1991 12:00:00 GMT+0100 (BST),82.802580105545
Fri May 31 1991 12:00:00 GMT+0100 (BST),118.55483940938484
Wed Jul 31 1991 12:00:00 GMT+0100 (BST),157.1593929616426
Sat Aug 31 1991 12:00:00 GMT+0100 (BST),177.62484492315767
Thu Oct 31 1991 12:00:00 GMT+0000 (GMT),219.66094567579228
Tue Dec 31 1991 12:00:00 GMT+0000 (GMT),264.26682983323394
Fri Jan 31 1992 12:00:00 GMT+0000 (GMT),287.88962804241885
Tue Mar 31 1992 12:00:00 GMT+0100 (BST),334.7782466892838
Sun May 31 1992 12:00:00 GMT+0100 (BST),22.160388310826676
Fri Jul 31 1992 12:00:00 GMT+0100 (BST),66.3986706346236
Mon Aug 31 1992 12:00:00 GMT+0100 (BST),86.5840226659175
Sat Oct 31 1992 12:00:00 GMT+0000 (GMT),116.82398130399898
Thu Dec 31 1992 12:00:00 GMT+0000 (GMT),108.16700042885874
Sun Jan 31 1993 12:00:00 GMT+0000 (GMT),91.68820917985913
Wed Mar 31 1993 12:00:00 GMT+0100 (BST),100.56541243565043
Mon May 31 1993 12:00:00 GMT+0100 (BST),131.90240545440835
Sat Jul 31 1993 12:00:00 GMT+0100 (BST),169.67877152029666
Tue Aug 31 1993 12:00:00 GMT+0100 (BST),190.31839652398753
Sun Oct 31 1993 12:00:00 GMT+0000 (GMT),233.35093970024118
Fri Dec 31 1993 12:00:00 GMT+0000 (GMT),279.2872514166211
Mon Jan 31 1994 12:00:00 GMT+0000 (GMT),303.4698258268168
Thu Mar 31 1994 12:00:00 GMT+0100 (BST),349.9992717317529
Tue May 31 1994 12:00:00 GMT+0100 (BST),36.945582782214544
Sun Jul 31 1994 12:00:00 GMT+0100 (BST),80.79849325038123
Wed Aug 31 1994 12:00:00 GMT+0100 (BST),101.4016589277641
Mon Oct 31 1994 12:00:00 GMT+0000 (GMT),136.82974062348876
Sat Dec 31 1994 12:00:00 GMT+0000 (GMT),155.3565885062562
Tue Jan 31 1995 12:00:00 GMT+0000 (GMT),145.79923854158014
Fri Mar 31 1995 12:00:00 GMT+0100 (BST),124.10084823490128
Wed May 31 1995 12:00:00 GMT+0100 (BST),146.27773832154887
Mon Jul 31 1995 12:00:00 GMT+0100 (BST),182.44932076844856
Thu Aug 31 1995 12:00:00 GMT+0100 (BST),203.1564719615729
Tue Oct 31 1995 12:00:00 GMT+0000 (GMT),247.0281029162248
Sun Dec 31 1995 12:00:00 GMT+0000 (GMT),293.9285287158055
Wed Jan 31 1996 12:00:00 GMT+0000 (GMT),318.36952130541215
Sun Mar 31 1996 12:00:00 GMT+0100 (BST),5.463943327080564
Fri May 31 1996 12:00:00 GMT+0100 (BST),51.45573203644142
Wed Jul 31 1996 12:00:00 GMT+0100 (BST),94.47514020571103
Sat Aug 31 1996 12:00:00 GMT+0100 (BST),115.04139048128724
Thu Oct 31 1996 12:00:00 GMT+0000 (GMT),152.36793729361943
Tue Dec 31 1996 12:00:00 GMT+0000 (GMT),181.96714569482793
Fri Jan 31 1997 12:00:00 GMT+0000 (GMT),188.92920922907206
Mon Mar 31 1997 12:00:00 GMT+0100 (BST),164.72032063330406
Sat May 31 1997 12:00:00 GMT+0100 (BST),165.03800868631077
Thu Jul 31 1997 12:00:00 GMT+0100 (BST),197.43719532921378
Sun Aug 31 1997 12:00:00 GMT+0100 (BST),217.9424467029025
Fri Oct 31 1997 12:00:00 GMT+0000 (GMT),262.39616904580123
Wed Dec 31 1997 12:00:00 GMT+0000 (GMT),309.83794858580455
Sat Jan 31 1998 12:00:00 GMT+0000 (GMT),334.21931426288296
Tue Mar 31 1998 12:00:00 GMT+0100 (BST),19.729920395536695
Sun May 31 1998 12:00:00 GMT+0100 (BST),64.48064194135246
Fri Jul 31 1998 12:00:00 GMT+0100 (BST),106.58849440686853
Mon Aug 31 1998 12:00:00 GMT+0100 (BST),127.03616300178143
Sat Oct 31 1998 12:00:00 GMT+0000 (GMT),165.41776806638907
Thu Dec 31 1998 12:00:00 GMT+0000 (GMT),200.38342670645207
Sun Jan 31 1999 12:00:00 GMT+0000 (GMT),215.39057333529595
Wed Mar 31 1999 12:00:00 GMT+0100 (BST),225.8968864775422
Mon May 31 1999 12:00:00 GMT+0100 (BST),196.84312102404925
Sat Jul 31 1999 12:00:00 GMT+0100 (BST),215.40702638854168
Tue Aug 31 1999 12:00:00 GMT+0100 (BST),234.50435596748935
Sun Oct 31 1999 12:00:00 GMT+0000 (GMT),278.52773454608933
Fri Dec 31 1999 12:00:00 GMT+0000 (GMT),325.6812584748812
Mon Jan 31 2000 12:00:00 GMT+0000 (GMT),349.5735984575562
Fri Mar 31 2000 12:00:00 GMT+0100 (BST),34.400691442259145
Wed May 31 2000 12:00:00 GMT+0100 (BST),77.61912037225007
Mon Jul 31 2000 12:00:00 GMT+0100 (BST),118.77447583449971
Thu Aug 31 2000 12:00:00 GMT+0100 (BST),139.09121880684313
Tue Oct 31 2000 12:00:00 GMT+0000 (GMT),178.21948230360016
Sun Dec 31 2000 12:00:00 GMT+0000 (GMT),216.34223356373312
Wed Jan 31 2001 12:00:00 GMT+0000 (GMT),235.11122057819853
Sat Mar 31 2001 12:00:00 GMT+0100 (BST),267.3372319587272
Thu May 31 2001 12:00:00 GMT+0100 (BST),276.79461268092587
Tue Jul 31 2001 12:00:00 GMT+0100 (BST),249.24347641248613
Fri Aug 31 2001 12:00:00 GMT+0100 (BST),259.686548510307
Wed Oct 31 2001 12:00:00 GMT+0000 (GMT),298.8408834063357
Mon Dec 31 2001 12:00:00 GMT+0000 (GMT),343.6437172559515
Thu Jan 31 2002 12:00:00 GMT+0000 (GMT),6.2962481142952775
Sun Mar 31 2002 12:00:00 GMT+0100 (BST),48.12936715295735
Fri May 31 2002 12:00:00 GMT+0100 (BST),89.6325220434739
Wed Jul 31 2002 12:00:00 GMT+0100 (BST),129.94377930336756
Sat Aug 31 2002 12:00:00 GMT+0100 (BST),150.20705744644158
Thu Oct 31 2002 12:00:00 GMT+0000 (GMT),190.09353605603664
Tue Dec 31 2002 12:00:00 GMT+0000 (GMT),230.54528276437696
Fri Jan 31 2003 12:00:00 GMT+0000 (GMT),251.48081251280195
Mon Mar 31 2003 12:00:00 GMT+0100 (BST),291.9617003016855
Sat May 31 2003 12:00:00 GMT+0100 (BST),332.5081228643617
Thu Jul 31 2003 12:00:00 GMT+0100 (BST),355.49011083897204
Sun Aug 31 2003 12:00:00 GMT+0100 (BST),339.85870165224736
Fri Oct 31 2003 12:00:00 GMT+0000 (GMT),330.5549396555514
Wed Dec 31 2003 12:00:00 GMT+0000 (GMT),4.0121418343130575
Sat Jan 31 2004 12:00:00 GMT+0000 (GMT),23.72527985332036
Wed Mar 31 2004 12:00:00 GMT+0100 (BST),62.59835340785132
Mon May 31 2004 12:00:00 GMT+0100 (BST),102.09392464350795
Sat Jul 31 2004 12:00:00 GMT+0100 (BST),141.65735888537648
Tue Aug 31 2004 12:00:00 GMT+0100 (BST),161.95422249257714
Sun Oct 31 2004 12:00:00 GMT+0000 (GMT),202.69001469934105
Fri Dec 31 2004 12:00:00 GMT+0000 (GMT),245.07489411896975
Mon Jan 31 2005 12:00:00 GMT+0000 (GMT),267.4320435553915
Thu Mar 31 2005 12:00:00 GMT+0100 (BST),311.4766187194296
Tue May 31 2005 12:00:00 GMT+0100 (BST),357.7136880433849
Sun Jul 31 2005 12:00:00 GMT+0100 (BST),39.84765036352388
Wed Aug 31 2005 12:00:00 GMT+0100 (BST),55.710696820982925
Mon Oct 31 2005 12:00:00 GMT+0000 (GMT),48.12047777571283
Sat Dec 31 2005 12:00:00 GMT+0000 (GMT),33.494508955322225
Tue Jan 31 2006 12:00:00 GMT+0000 (GMT),45.261358416049376
Fri Mar 31 2006 12:00:00 GMT+0100 (BST),76.99027610236406
Wed May 31 2006 12:00:00 GMT+0100 (BST),113.98081366264694
Mon Jul 31 2006 12:00:00 GMT+0100 (BST),152.86234819101216
Thu Aug 31 2006 12:00:00 GMT+0100 (BST),173.2697919572851
Tue Oct 31 2006 12:00:00 GMT+0000 (GMT),214.92946454729895
Sun Dec 31 2006 12:00:00 GMT+0000 (GMT),258.95720267265347
Wed Jan 31 2007 12:00:00 GMT+0000 (GMT),282.28748372153836
Sat Mar 31 2007 12:00:00 GMT+0100 (BST),328.01811420807235
Thu May 31 2007 12:00:00 GMT+0100 (BST),15.39357472070844
Tue Jul 31 2007 12:00:00 GMT+0100 (BST),59.634092839768336
Fri Aug 31 2007 12:00:00 GMT+0100 (BST),79.44840454977748
Wed Oct 31 2007 12:00:00 GMT+0000 (GMT),105.63899725999336
Mon Dec 31 2007 12:00:00 GMT+0000 (GMT),84.42974598950683
Thu Jan 31 2008 12:00:00 GMT+0000 (GMT),75.44601533575955
Mon Mar 31 2008 12:00:00 GMT+0100 (BST),93.5822997923067
Sat May 31 2008 12:00:00 GMT+0100 (BST),126.97844577789947
Thu Jul 31 2008 12:00:00 GMT+0100 (BST),165.1360354964394
Sun Aug 31 2008 12:00:00 GMT+0100 (BST),185.71645548805458
Fri Oct 31 2008 12:00:00 GMT+0000 (GMT),228.37866456776834
Wed Dec 31 2008 12:00:00 GMT+0000 (GMT),273.8432517894207
Sat Jan 31 2009 12:00:00 GMT+0000 (GMT),297.8467625546914
Tue Mar 31 2009 12:00:00 GMT+0100 (BST),344.2952747600035
Sun May 31 2009 12:00:00 GMT+0100 (BST),31.483933967961132
Fri Jul 31 2009 12:00:00 GMT+0100 (BST),75.56184875609702
Mon Aug 31 2009 12:00:00 GMT+0100 (BST),96.08556417555491
Sat Oct 31 2009 12:00:00 GMT+0000 (GMT),130.12914590232637
Thu Dec 31 2009 12:00:00 GMT+0000 (GMT),140.5668723247803
Sun Jan 31 2010 12:00:00 GMT+0000 (GMT),124.12530838438673
Wed Mar 31 2010 12:00:00 GMT+0100 (BST),113.88620417507282
Mon May 31 2010 12:00:00 GMT+0100 (BST),140.55667397923236
Sat Jul 31 2010 12:00:00 GMT+0100 (BST),177.4990442487914
Tue Aug 31 2010 12:00:00 GMT+0100 (BST),198.198292485126
Sun Oct 31 2010 12:00:00 GMT+0000 (GMT),241.76227651706137
Fri Dec 31 2010 12:00:00 GMT+0000 (GMT),288.32775126888066
Mon Jan 31 2011 12:00:00 GMT+0000 (GMT),312.70178104585335
Thu Mar 31 2011 12:00:00 GMT+0100 (BST),359.17296815339137
Tue May 31 2011 12:00:00 GMT+0100 (BST),45.61090577241931
Sun Jul 31 2011 12:00:00 GMT+0100 (BST),89.01849157863876
Wed Aug 31 2011 12:00:00 GMT+0100 (BST),109.64434759048412
Mon Oct 31 2011 12:00:00 GMT+0000 (GMT),146.4633303223437
Sat Dec 31 2011 12:00:00 GMT+0000 (GMT),172.99683805838828
Tue Jan 31 2012 12:00:00 GMT+0000 (GMT),174.93965941824544
Sat Mar 31 2012 12:00:00 GMT+0100 (BST),145.88897673795947
Thu May 31 2012 12:00:00 GMT+0100 (BST),157.34381644616332
Tue Jul 31 2012 12:00:00 GMT+0100 (BST),191.7522157563704
Fri Aug 31 2012 12:00:00 GMT+0100 (BST),212.41442541775575
Wed Oct 31 2012 12:00:00 GMT+0000 (GMT),256.72116078537937
Mon Dec 31 2012 12:00:00 GMT+0000 (GMT),304.0310980432115
Thu Jan 31 2013 12:00:00 GMT+0000 (GMT),328.47988733885376
Sun Mar 31 2013 12:00:00 GMT+0100 (BST),14.370638376194055
Fri May 31 2013 12:00:00 GMT+0100 (BST),59.642116501284825
Wed Jul 31 2013 12:00:00 GMT+0100 (BST),102.11635560000639
Sat Aug 31 2013 12:00:00 GMT+0100 (BST),122.61691920854281
Thu Oct 31 2013 12:00:00 GMT+0000 (GMT),160.6484816678482
Tue Dec 31 2013 12:00:00 GMT+0000 (GMT),193.91210464537178
