Thu Jan 31 1901 12:00:00 GMT+0000 (GMT),281.28659913712806
Sun Mar 31 1901 12:00:00 GMT+0100 (BST),286.1379677263576
Fri May 31 1901 12:00:00 GMT+0100 (BST),285.6960728084573
Wed Jul 31 1901 12:00:00 GMT+0100 (BST),281.1648526366236
Sat Aug 31 1901 12:00:00 GMT+0100 (BST),279.6896658727827
Thu Oct 31 1901 12:00:00 GMT+0000 (GMT),281.38204278959466
Tue Dec 31 1901 12:00:00 GMT+0000 (GMT),287.67410523364396
Fri Jan 31 1902 12:00:00 GMT+0000 (GMT),291.397509035236
Mon Mar 31 1902 12:00:00 GMT+0100 (BST),297.002314438186
Sat May 31 1902 12:00:00 GMT+0100 (BST),297.78286871717137
Thu Jul 31 1902 12:00:00 GMT+0100 (BST),293.53962979302446
Sun Aug 31 1902 12:00:00 GMT+0100 (BST),291.59174694287935
Fri Oct 31 1902 12:00:00 GMT+0000 (GMT),292.1006540984433
Wed Dec 31 1902 12:00:00 GMT+0000 (GMT),297.81719908960326
Sat Jan 31 1903 12:00:00 GMT+0000 (GMT),301.5649149593901
Tue Mar 31 1903 12:00:00 GMT+0100 (BST),307.8006845395912
Sun May 31 1903 12:00:00 GMT+0100 (BST),309.81891740570893
Fri Jul 31 1903 12:00:00 GMT+0100 (BST),306.18066351261217
Mon Aug 31 1903 12:00:00 GMT+0100 (BST),303.88429920855503
Sat Oct 31 1903 12:00:00 GMT+0000 (GMT),303.1758070465248
Thu Dec 31 1903 12:00:00 GMT+0000 (GMT),308.15792778261715
Sun Jan 31 1904 12:00:00 GMT+0000 (GMT),311.85227277520016
Thu Mar 31 1904 12:00:00 GMT+0100 (BST),318.68040741361835
Tue May 31 1904 12:00:00 GMT+0100 (BST),321.81599739338316
Sun Jul 31 1904 12:00:00 GMT+0100 (BST),318.99116669815743
Wed Aug 31 1904 12:00:00 GMT+0100 (BST),316.5163502792665
Mon Oct 31 1904 12:00:00 GMT+0000 (GMT),314.70497957747057
Sat Dec 31 1904 12:00:00 GMT+0000 (GMT),318.8701491827053
Tue Jan 31 1905 12:00:00 GMT+0000 (GMT),322.44454969430694
Fri Mar 31 1905 12:00:00 GMT+0100 (BST),329.5174118825214
Wed May 31 1905 12:00:00 GMT+0100 (BST),333.80329745377657
Mon Jul 31 1905 12:00:00 GMT+0100 (BST),332.10424275150547
Thu Aug 31 1905 12:00:00 GMT+0100 (BST),329.62322350221194
Tue Oct 31 1905 12:00:00 GMT+0000 (GMT),326.69622429696824
Sun Dec 31 1905 12:00:00 GMT+0000 (GMT),329.8042042153259
Wed Jan 31 1906 12:00:00 GMT+0000 (GMT),333.15549954648804
Sat Mar 31 1906 12:00:00 GMT+0100 (BST),340.43816115740384
Thu May 31 1906 12:00:00 GMT+0100 (BST),345.7725471092938
Tue Jul 31 1906 12:00:00 GMT+0100 (BST),345.38624469997455
Fri Aug 31 1906 12:00:00 GMT+0100 (BST),343.11340004498373
Wed Oct 31 1906 12:00:00 GMT+0000 (GMT),339.25364299921927
Mon Dec 31 1906 12:00:00 GMT+0000 (GMT),341.1440833735378
Thu Jan 31 1907 12:00:00 GMT+0000 (GMT),344.1701248891451
Sun Mar 31 1907 12:00:00 GMT+0100 (BST),351.48735386336426
Fri May 31 1907 12:00:00 GMT+0100 (BST),357.735579501312
Wed Jul 31 1907 12:00:00 GMT+0100 (BST),358.7725026011734
Sat Aug 31 1907 12:00:00 GMT+0100 (BST),356.9212337194779
Thu Oct 31 1907 12:00:00 GMT+0000 (GMT),352.4191085541769
Tue Dec 31 1907 12:00:00 GMT+0000 (GMT),352.96062223537956
Fri Jan 31 1908 12:00:00 GMT+0000 (GMT),355.5501264920955
Tue Mar 31 1908 12:00:00 GMT+0100 (BST),2.8361945589994733
Sun May 31 1908 12:00:00 GMT+0100 (BST),9.791805639935674
Fri Jul 31 1908 12:00:00 GMT+0100 (BST),12.17795026029184
Mon Aug 31 1908 12:00:00 GMT+0100 (BST),10.88550921107764
Sat Oct 31 1908 12:00:00 GMT+0000 (GMT),6.135148562048445
Thu Dec 31 1908 12:00:00 GMT+0000 (GMT),5.361835712119288
Sun Jan 31 1909 12:00:00 GMT+0000 (GMT),7.444712136098543
Wed Mar 31 1909 12:00:00 GMT+0100 (BST),14.266416179061432
Mon May 31 1909 12:00:00 GMT+0100 (BST),21.794248761961697
Sat Jul 31 1909 12:00:00 GMT+0100 (BST),25.587482761664962
Tue Aug 31 1909 12:00:00 GMT+0100 (BST),25.036986609549214
Sun Oct 31 1909 12:00:00 GMT+0000 (GMT),20.471424179854044
Fri Dec 31 1909 12:00:00 GMT+0000 (GMT),18.294714503062256
Mon Jan 31 1910 12:00:00 GMT+0000 (GMT),19.714726059886296
Thu Mar 31 1910 12:00:00 GMT+0100 (BST),25.938277805936288
Tue May 31 1910 12:00:00 GMT+0100 (BST),33.82074806651755
Sun Jul 31 1910 12:00:00 GMT+0100 (BST),38.89886626205746
Wed Aug 31 1910 12:00:00 GMT+0100 (BST),39.170763348826206
Mon Oct 31 1910 12:00:00 GMT+0000 (GMT),35.27900668495053
Sat Dec 31 1910 12:00:00 GMT+0000 (GMT),31.853883866201297
Tue Jan 31 1911 12:00:00 GMT+0000 (GMT),32.50986203881717
Fri Mar 31 1911 12:00:00 GMT+0100 (BST),37.883995251115245
Wed May 31 1911 12:00:00 GMT+0100 (BST),45.880315757095396
Mon Jul 31 1911 12:00:00 GMT+0100 (BST),52.060417252422496
Thu Aug 31 1911 12:00:00 GMT+0100 (BST),53.167875564762745
Tue Oct 31 1911 12:00:00 GMT+0000 (GMT),50.39012217911163
Sun Dec 31 1911 12:00:00 GMT+0000 (GMT),46.031571758411324
Wed Jan 31 1912 12:00:00 GMT+0000 (GMT),45.85907688136581
Sun Mar 31 1912 12:00:00 GMT+0100 (BST),50.24281303741375
Fri May 31 1912 12:00:00 GMT+0100 (BST),58.11492582640337
Wed Jul 31 1912 12:00:00 GMT+0100 (BST),65.1195262873353
Sat Aug 31 1912 12:00:00 GMT+0100 (BST),66.96449009465984
Thu Oct 31 1912 12:00:00 GMT+0000 (GMT),65.51930937133889
Tue Dec 31 1912 12:00:00 GMT+0000 (GMT),60.704608452808564
Fri Jan 31 1913 12:00:00 GMT+0000 (GMT),59.75824189697199
Mon Mar 31 1913 12:00:00 GMT+0100 (BST),62.79611167235955
Sat May 31 1913 12:00:00 GMT+0100 (BST),70.26521461113234
Thu Jul 31 1913 12:00:00 GMT+0100 (BST),77.9030046988149
Sun Aug 31 1913 12:00:00 GMT+0100 (BST),80.44992665715692
Fri Oct 31 1913 12:00:00 GMT+0000 (GMT),80.60683439683544
Wed Dec 31 1913 12:00:00 GMT+0000 (GMT),75.83582882716546
Sat Jan 31 1914 12:00:00 GMT+0000 (GMT),74.13841280360762
Tue Mar 31 1914 12:00:00 GMT+0100 (BST),75.67630184881426
Sun May 31 1914 12:00:00 GMT+0100 (BST),82.46445478170709
Fri Jul 31 1914 12:00:00 GMT+0100 (BST),90.4622892902054
Mon Aug 31 1914 12:00:00 GMT+0100 (BST),93.58864841353437
Sat Oct 31 1914 12:00:00 GMT+0000 (GMT),95.36844246843629
Thu Dec 31 1914 12:00:00 GMT+0000 (GMT),91.19380537204403
Sun Jan 31 1915 12:00:00 GMT+0000 (GMT),88.92474849004691
Wed Mar 31 1915 12:00:00 GMT+0100 (BST),88.87846372385425
Mon May 31 1915 12:00:00 GMT+0100 (BST),94.71668742961205
Sat Jul 31 1915 12:00:00 GMT+0100 (BST),102.79741510475556
Tue Aug 31 1915 12:00:00 GMT+0100 (BST),106.36504753145154
Sun Oct 31 1915 12:00:00 GMT+0000 (GMT),109.65744609232723
Fri Dec 31 1915 12:00:00 GMT+0000 (GMT),106.53951397848887
Mon Jan 31 1916 12:00:00 GMT+0000 (GMT),103.96005533526883
Fri Mar 31 1916 12:00:00 GMT+0100 (BST),102.40628414701376
Wed May 31 1916 12:00:00 GMT+0100 (BST),107.13924324571772
Mon Jul 31 1916 12:00:00 GMT+0100 (BST),115.04882699333109
Thu Aug 31 1916 12:00:00 GMT+0100 (BST),118.89711449108928
Tue Oct 31 1916 12:00:00 GMT+0000 (GMT),123.41604932789625
Sun Dec 31 1916 12:00:00 GMT+0000 (GMT),121.55788525754154
Wed Jan 31 1917 12:00:00 GMT+0000 (GMT),118.96021627346613
Sat Mar 31 1917 12:00:00 GMT+0100 (BST),116.12644229279702
Thu May 31 1917 12:00:00 GMT+0100 (BST),119.48716886626977
Tue Jul 31 1917 12:00:00 GMT+0100 (BST),126.96764908476726
Fri Aug 31 1917 12:00:00 GMT+0100 (BST),130.98571340893776
Wed Oct 31 1917 12:00:00 GMT+0000 (GMT),136.59007507627203
Mon Dec 31 1917 12:00:00 GMT+0000 (GMT),136.22080726649585
Thu Jan 31 1918 12:00:00 GMT+0000 (GMT),133.87831324658165
Sun Mar 31 1918 12:00:00 GMT+0100 (BST),130.02133188299098
Fri May 31 1918 12:00:00 GMT+0100 (BST),131.88522953944226
Wed Jul 31 1918 12:00:00 GMT+0100 (BST),138.7000049229788
Sat Aug 31 1918 12:00:00 GMT+0100 (BST),142.75827760225388
Thu Oct 31 1918 12:00:00 GMT+0000 (GMT),149.1916307560186
Tue Dec 31 1918 12:00:00 GMT+0000 (GMT),150.30914230665869
Fri Jan 31 1919 12:00:00 GMT+0000 (GMT),148.44978770126733
Mon Mar 31 1919 12:00:00 GMT+0100 (BST),143.99601597796962
Sat May 31 1919 12:00:00 GMT+0100 (BST),144.32925025482078
Thu Jul 31 1919 12:00:00 GMT+0100 (BST),150.26911112800724
Sun Aug 31 1919 12:00:00 GMT+0100 (BST),154.24881351020434
Fri Oct 31 1919 12:00:00 GMT+0000 (GMT),161.26127480356703
Wed Dec 31 1919 12:00:00 GMT+0000 (GMT),163.7599087443525
Sat Jan 31 1920 12:00:00 GMT+0000 (GMT),162.5315926188712
Wed Mar 31 1920 12:00:00 GMT+0100 (BST),157.87436774572058
Mon May 31 1920 12:00:00 GMT+0100 (BST),156.8487939834387
Sat Jul 31 1920 12:00:00 GMT+0100 (BST),161.81586167848607
Tue Aug 31 1920 12:00:00 GMT+0100 (BST),165.62311125802506
Sun Oct 31 1920 12:00:00 GMT+0000 (GMT),172.95584482454913
Fri Dec 31 1920 12:00:00 GMT+0000 (GMT),176.57904982126473
Mon Jan 31 1921 12:00:00 GMT+0000 (GMT),175.99642840929803
Thu Mar 31 1921 12:00:00 GMT+0100 (BST),171.6661777913137
Tue May 31 1921 12:00:00 GMT+0100 (BST),169.33590533047763
Sun Jul 31 1921 12:00:00 GMT+0100 (BST),173.12842222601697
Wed Aug 31 1921 12:00:00 GMT+0100 (BST),176.66130769571637
Mon Oct 31 1921 12:00:00 GMT+0000 (GMT),184.14486464798063
Sat Dec 31 1921 12:00:00 GMT+0000 (GMT),188.80530297081893
Tue Jan 31 1922 12:00:00 GMT+0000 (GMT),188.92979007407698
Fri Mar 31 1922 12:00:00 GMT+0100 (BST),185.22377296591668
Wed May 31 1922 12:00:00 GMT+0100 (BST),181.83898779363332
Mon Jul 31 1922 12:00:00 GMT+0100 (BST),184.36399643340368
Thu Aug 31 1922 12:00:00 GMT+0100 (BST),187.53701687503812
Tue Oct 31 1922 12:00:00 GMT+0000 (GMT),194.98107360499645
Sun Dec 31 1922 12:00:00 GMT+0000 (GMT),200.48475769198933
Wed Jan 31 1923 12:00:00 GMT+0000 (GMT),201.28427108961247
Sat Mar 31 1923 12:00:00 GMT+0100 (BST),198.46927416388027
Thu May 31 1923 12:00:00 GMT+0100 (BST),194.34384689045234
Tue Jul 31 1923 12:00:00 GMT+0100 (BST),195.55860632674484
Fri Aug 31 1923 12:00:00 GMT+0100 (BST),198.29665157792633
Wed Oct 31 1923 12:00:00 GMT+0000 (GMT),205.52967493255449
Mon Dec 31 1923 12:00:00 GMT+0000 (GMT),211.68977626516997
Thu Jan 31 1924 12:00:00 GMT+0000 (GMT),213.10654264069746
Mon Mar 31 1924 12:00:00 GMT+0100 (BST),211.2811904153451
Sat May 31 1924 12:00:00 GMT+0100 (BST),206.78341137160038
Thu Jul 31 1924 12:00:00 GMT+0100 (BST),206.80217286017157
Sun Aug 31 1924 12:00:00 GMT+0100 (BST),209.08131901120223
Fri Oct 31 1924 12:00:00 GMT+0000 (GMT),215.97758240463256
Wed Dec 31 1924 12:00:00 GMT+0000 (GMT),222.58086542237822
Sat Jan 31 1925 12:00:00 GMT+0000 (GMT),224.50010144057734
Tue Mar 31 1925 12:00:00 GMT+0100 (BST),223.79653075554214
Sun May 31 1925 12:00:00 GMT+0100 (BST),219.22912527087132
Fri Jul 31 1925 12:00:00 GMT+0100 (BST),218.01310957488096
Mon Aug 31 1925 12:00:00 GMT+0100 (BST),219.74418100667467
Sat Oct 31 1925 12:00:00 GMT+0000 (GMT),226.1433747246302
Thu Dec 31 1925 12:00:00 GMT+0000 (GMT),233.08022594603716
Sun Jan 31 1926 12:00:00 GMT+0000 (GMT),235.4771683870744
Wed Mar 31 1926 12:00:00 GMT+0100 (BST),235.93931354585789
Mon May 31 1926 12:00:00 GMT+0100 (BST),231.63455367069417
Sat Jul 31 1926 12:00:00 GMT+0100 (BST),229.30459590769195
Tue Aug 31 1926 12:00:00 GMT+0100 (BST),230.44503852385668
Sun Oct 31 1926 12:00:00 GMT+0000 (GMT),236.21289715604058
Fri Dec 31 1926 12:00:00 GMT+0000 (GMT),243.33223712565882
Mon Jan 31 1927 12:00:00 GMT+0000 (GMT),246.13216022926616
Thu Mar 31 1927 12:00:00 GMT+0100 (BST),247.73483884833848
Tue May 31 1927 12:00:00 GMT+0100 (BST),243.98725794554736
Sun Jul 31 1927 12:00:00 GMT+0100 (BST),240.71982783352217
Wed Aug 31 1927 12:00:00 GMT+0100 (BST),241.24148771784672
Mon Oct 31 1927 12:00:00 GMT+0000 (GMT),246.2515792029145
Sat Dec 31 1927 12:00:00 GMT+0000 (GMT),253.41021406232804
Tue Jan 31 1928 12:00:00 GMT+0000 (GMT),256.5400429954354
Sat Mar 31 1928 12:00:00 GMT+0100 (BST),259.21998343483233
Thu May 31 1928 12:00:00 GMT+0100 (BST),256.1980904572338
Tue Jul 31 1928 12:00:00 GMT+0100 (BST),252.27120099283837
Fri Aug 31 1928 12:00:00 GMT+0100 (BST),252.217157880911
Wed Oct 31 1928 12:00:00 GMT+0000 (GMT),256.42936204200356
Mon Dec 31 1928 12:00:00 GMT+0000 (GMT),263.5023440275772
Thu Jan 31 1929 12:00:00 GMT+0000 (GMT),266.8718511063852
Sun Mar 31 1929 12:00:00 GMT+0100 (BST),270.4716254980233
Fri May 31 1929 12:00:00 GMT+0100 (BST),268.42745552525076
Wed Jul 31 1929 12:00:00 GMT+0100 (BST),264.0363020955032
Sat Aug 31 1929 12:00:00 GMT+0100 (BST),263.3633984028264
Thu Oct 31 1929 12:00:00 GMT+0000 (GMT),266.5982698425844
Tue Dec 31 1929 12:00:00 GMT+0000 (GMT),273.44655087694184
Fri Jan 31 1930 12:00:00 GMT+0000 (GMT),277.01179826644403
Mon Mar 31 1930 12:00:00 GMT+0100 (BST),281.5203731607095
Sat May 31 1930 12:00:00 GMT+0100 (BST),280.5928608770661
Thu Jul 31 1930 12:00:00 GMT+0100 (BST),276.037633213767
Sun Aug 31 1930 12:00:00 GMT+0100 (BST),274.78286317661383
Fri Oct 31 1930 12:00:00 GMT+0000 (GMT),276.9406496490658
Wed Dec 31 1930 12:00:00 GMT+0000 (GMT),283.4229861213824
Sat Jan 31 1931 12:00:00 GMT+0000 (GMT),287.11415282916045
Tue Mar 31 1931 12:00:00 GMT+0100 (BST),292.4225591653723
Sun May 31 1931 12:00:00 GMT+0100 (BST),292.69641685414325
Fri Jul 31 1931 12:00:00 GMT+0100 (BST),288.296507333666
Mon Aug 31 1931 12:00:00 GMT+0100 (BST),286.52998891396436
Sat Oct 31 1931 12:00:00 GMT+0000 (GMT),287.53006371143323
Thu Dec 31 1931 12:00:00 GMT+0000 (GMT),293.4993028638684
Sun Jan 31 1932 12:00:00 GMT+0000 (GMT),297.2447737954633
Thu Mar 31 1932 12:00:00 GMT+0100 (BST),303.3064388298957
Tue May 31 1932 12:00:00 GMT+0100 (BST),304.7157115901223
Sun Jul 31 1932 12:00:00 GMT+0100 (BST),300.7399210025967
Wed Aug 31 1932 12:00:00 GMT+0100 (BST),298.5972117702237
Mon Oct 31 1932 12:00:00 GMT+0000 (GMT),298.49145251914587
Sat Dec 31 1932 12:00:00 GMT+0000 (GMT),303.8583555550182
Tue Jan 31 1933 12:00:00 GMT+0000 (GMT),307.59038216228487
Fri Mar 31 1933 12:00:00 GMT+0100 (BST),314.09842593188404
Wed May 31 1933 12:00:00 GMT+0100 (BST),316.73724463305143
Mon Jul 31 1933 12:00:00 GMT+0100 (BST),313.51902025640993
Thu Aug 31 1933 12:00:00 GMT+0100 (BST),311.1055606313404
Tue Oct 31 1933 12:00:00 GMT+0000 (GMT),309.78357094721355
Sun Dec 31 1933 12:00:00 GMT+0000 (GMT),314.3322075877169
Wed Jan 31 1934 12:00:00 GMT+0000 (GMT),317.9691686598341
Sat Mar 31 1934 12:00:00 GMT+0100 (BST),324.9048967786991
Thu May 31 1934 12:00:00 GMT+0100 (BST),328.72381743875025
Tue Jul 31 1934 12:00:00 GMT+0100 (BST),326.53350761265835
Fri Aug 31 1934 12:00:00 GMT+0100 (BST),324.0305597235033
Wed Oct 31 1934 12:00:00 GMT+0000 (GMT),321.54781229059097
Mon Dec 31 1934 12:00:00 GMT+0000 (GMT),325.1097714444425
Thu Jan 31 1935 12:00:00 GMT+0000 (GMT),328.5629932040192
Sun Mar 31 1935 12:00:00 GMT+0100 (BST),335.77499094134185
Fri May 31 1935 12:00:00 GMT+0100 (BST),340.68690748490104
Wed Jul 31 1935 12:00:00 GMT+0100 (BST),339.73886604821325
Sat Aug 31 1935 12:00:00 GMT+0100 (BST),337.35416072573605
Thu Oct 31 1935 12:00:00 GMT+0000 (GMT),333.85216042882007
Tue Dec 31 1935 12:00:00 GMT+0000 (GMT),336.26223856255467
Fri Jan 31 1936 12:00:00 GMT+0000 (GMT),339.43389718047547
Tue Mar 31 1936 12:00:00 GMT+0100 (BST),346.87643542304824
Sun May 31 1936 12:00:00 GMT+0100 (BST),352.6978746506539
Fri Jul 31 1936 12:00:00 GMT+0100 (BST),353.0288394634292
Mon Aug 31 1936 12:00:00 GMT+0100 (BST),350.9446495114488
Sat Oct 31 1936 12:00:00 GMT+0000 (GMT),346.7135724799622
Thu Dec 31 1936 12:00:00 GMT+0000 (GMT),347.93172691679575
Sun Jan 31 1937 12:00:00 GMT+0000 (GMT),350.7512020823329
Wed Mar 31 1937 12:00:00 GMT+0100 (BST),358.0156441993357
Mon May 31 1937 12:00:00 GMT+0100 (BST),4.671414727636591
Sat Jul 31 1937 12:00:00 GMT+0100 (BST),6.451803543114548
Tue Aug 31 1937 12:00:00 GMT+0100 (BST),4.8902402301673025
Sun Oct 31 1937 12:00:00 GMT+0000 (GMT),0.20528737235478756
Fri Dec 31 1937 12:00:00 GMT+0000 (GMT),0.026500123181141182
Mon Jan 31 1938 12:00:00 GMT+0000 (GMT),2.349477334386862
Thu Mar 31 1938 12:00:00 GMT+0100 (BST),9.345245401889908
Tue May 31 1938 12:00:00 GMT+0100 (BST),16.655688961757257
Sun Jul 31 1938 12:00:00 GMT+0100 (BST),19.871071945537867
Wed Aug 31 1938 12:00:00 GMT+0100 (BST),18.997682550513634
Mon Oct 31 1938 12:00:00 GMT+0000 (GMT),14.29689047069558
Sat Dec 31 1938 12:00:00 GMT+0000 (GMT),12.69458547176072
Tue Jan 31 1939 12:00:00 GMT+0000 (GMT),14.403201976796467
Fri Mar 31 1939 12:00:00 GMT+0100 (BST),20.9025730247278
Wed May 31 1939 12:00:00 GMT+0100 (BST),28.66129904384419
Mon Jul 31 1939 12:00:00 GMT+0100 (BST),33.21951233766636
Thu Aug 31 1939 12:00:00 GMT+0100 (BST),33.142213785065486
Tue Oct 31 1939 12:00:00 GMT+0000 (GMT),28.912126266491356
Sun Dec 31 1939 12:00:00 GMT+0000 (GMT),25.979751993379335
Wed Jan 31 1940 12:00:00 GMT+0000 (GMT),26.964486481823982
Sun Mar 31 1940 12:00:00 GMT+0100 (BST),32.847399143143896
Fri May 31 1940 12:00:00 GMT+0100 (BST),40.821990544551696
Wed Jul 31 1940 12:00:00 GMT+0100 (BST),46.49217871231357
Sat Aug 31 1940 12:00:00 GMT+0100 (BST),47.1947430222753
Thu Oct 31 1940 12:00:00 GMT+0000 (GMT),43.823921836306454
Tue Dec 31 1940 12:00:00 GMT+0000 (GMT),39.87088131403883
Fri Jan 31 1941 12:00:00 GMT+0000 (GMT),40.10767558016155
Mon Mar 31 1941 12:00:00 GMT+0100 (BST),44.94968547532807
Sat May 31 1941 12:00:00 GMT+0100 (BST),52.906354194897645
Thu Jul 31 1941 12:00:00 GMT+0100 (BST),59.56632804225076
Sun Aug 31 1941 12:00:00 GMT+0100 (BST),61.087308691686076
Fri Oct 31 1941 12:00:00 GMT+0000 (GMT),59.01535847704987
Wed Dec 31 1941 12:00:00 GMT+0000 (GMT),54.34989942307797
Sat Jan 31 1942 12:00:00 GMT+0000 (GMT),53.74760981179528
Tue Mar 31 1942 12:00:00 GMT+0100 (BST),57.36337307402591
Sun May 31 1942 12:00:00 GMT+0100 (BST),65.03379111518275
Fri Jul 31 1942 12:00:00 GMT+0100 (BST),72.43796060085887
Mon Aug 31 1942 12:00:00 GMT+0100 (BST),74.70403197318562
Sat Oct 31 1942 12:00:00 GMT+0000 (GMT),74.17838463164654
Thu Dec 31 1942 12:00:00 GMT+0000 (GMT),69.31989657890585
Sun Jan 31 1943 12:00:00 GMT+0000 (GMT),67.92086481773258
Wed Mar 31 1943 12:00:00 GMT+0100 (BST),70.1035631285176
Mon May 31 1943 12:00:00 GMT+0100 (BST),77.21038583986756
Sat Jul 31 1943 12:00:00 GMT+0100 (BST),85.09113840016903
Tue Aug 31 1943 12:00:00 GMT+0100 (BST),87.99105793358265
Sun Oct 31 1943 12:00:00 GMT+0000 (GMT),89.09789814285757
Fri Dec 31 1943 12:00:00 GMT+0000 (GMT),84.6100225862745
Mon Jan 31 1944 12:00:00 GMT+0000 (GMT),82.55254500704064
Fri Mar 31 1944 12:00:00 GMT+0100 (BST),83.237595435862
Wed May 31 1944 12:00:00 GMT+0100 (BST),89.57068115290792
Mon Jul 31 1944 12:00:00 GMT+0100 (BST),97.64465070258282
Thu Aug 31 1944 12:00:00 GMT+0100 (BST),101.01445615957236
Tue Oct 31 1944 12:00:00 GMT+0000 (GMT),103.58919982532193
Sun Dec 31 1944 12:00:00 GMT+0000 (GMT),99.90763702318642
Wed Jan 31 1945 12:00:00 GMT+0000 (GMT),97.44342525042637
Sat Mar 31 1945 12:00:00 GMT+0100 (BST),96.59451997435507
Thu May 31 1945 12:00:00 GMT+0100 (BST),101.84866326383465
Tue Jul 31 1945 12:00:00 GMT+0100 (BST),109.86447161980584
Fri Aug 31 1945 12:00:00 GMT+0100 (BST),113.6021885351197
Wed Oct 31 1945 12:00:00 GMT+0000 (GMT),117.59504134752595
Mon Dec 31 1945 12:00:00 GMT+0000 (GMT),115.14730724333589
Thu Jan 31 1946 12:00:00 GMT+0000 (GMT),112.5252480785202
Sun Mar 31 1946 12:00:00 GMT+0100 (BST),110.22448967736183
Fri May 31 1946 12:00:00 GMT+0100 (BST),114.1806699553204
Wed Jul 31 1946 12:00:00 GMT+0100 (BST),121.87360610294255
Sat Aug 31 1946 12:00:00 GMT+0100 (BST),125.83861670009327
Thu Oct 31 1946 12:00:00 GMT+0000 (GMT),131.0230214361603
Tue Dec 31 1946 12:00:00 GMT+0000 (GMT),130.02505153309332
Fri Jan 31 1947 12:00:00 GMT+0000 (GMT),127.54348988047228
Mon Mar 31 1947 12:00:00 GMT+0100 (BST),124.06552501999519
Sat May 31 1947 12:00:00 GMT+0100 (BST),126.56599083423372
Thu Jul 31 1947 12:00:00 GMT+0100 (BST),133.68926432095506
Sun Aug 31 1947 12:00:00 GMT+0100 (BST),137.74779299803922
Fri Oct 31 1947 12:00:00 GMT+0000 (GMT),143.86989437307355
Wed Dec 31 1947 12:00:00 GMT+0000 (GMT),144.37680166415657
Sat Jan 31 1948 12:00:00 GMT+0000 (GMT),142.29276699063612
Wed Mar 31 1948 12:00:00 GMT+0100 (BST),137.99239664582436
Mon May 31 1948 12:00:00 GMT+0100 (BST),139.07095675322338
Sat Jul 31 1948 12:00:00 GMT+0100 (BST),145.46012751996
Tue Aug 31 1948 12:00:00 GMT+0100 (BST),149.49073498783292
Sun Oct 31 1948 12:00:00 GMT+0000 (GMT),156.24696954277704
Fri Dec 31 1948 12:00:00 GMT+0000 (GMT),158.0857062094332
Mon Jan 31 1949 12:00:00 GMT+0000 (GMT),156.53528685052643
Thu Mar 31 1949 12:00:00 GMT+0100 (BST),151.95587810738965
Tue May 31 1949 12:00:00 GMT+0100 (BST),151.5272160890387
Sun Jul 31 1949 12:00:00 GMT+0100 (BST),156.94798352302828
Wed Aug 31 1949 12:00:00 GMT+0100 (BST),160.8438312863776
Mon Oct 31 1949 12:00:00 GMT+0000 (GMT),168.05742968286725
Sat Dec 31 1949 12:00:00 GMT+0000 (GMT),171.19648724235978
Tue Jan 31 1950 12:00:00 GMT+0000 (GMT),170.3207476370965
Fri Mar 31 1950 12:00:00 GMT+0100 (BST),165.83119869755905
Wed May 31 1950 12:00:00 GMT+0100 (BST),164.01658684718183
Mon Jul 31 1950 12:00:00 GMT+0100 (BST),168.31345178032603
Thu Aug 31 1950 12:00:00 GMT+0100 (BST),171.97328113869378
Tue Oct 31 1950 12:00:00 GMT+0000 (GMT),179.42310825527085
Sun Dec 31 1950 12:00:00 GMT+0000 (GMT),183.68096505049883
Wed Jan 31 1951 12:00:00 GMT+0000 (GMT),183.51517049314833
Sat Mar 31 1951 12:00:00 GMT+0100 (BST),179.51168965599337
Thu May 31 1951 12:00:00 GMT+0100 (BST),176.52776908296747
Tue Jul 31 1951 12:00:00 GMT+0100 (BST),179.58799035015628
Fri Aug 31 1951 12:00:00 GMT+0100 (BST),182.92158139349695
Wed Oct 31 1951 12:00:00 GMT+0000 (GMT),190.40810502519776
Mon Dec 31 1951 12:00:00 GMT+0000 (GMT),195.59018903569154
Thu Jan 31 1952 12:00:00 GMT+0000 (GMT),196.11771955189707
Mon Mar 31 1952 12:00:00 GMT+0100 (BST),192.8260356576042
Sat May 31 1952 12:00:00 GMT+0100 (BST),189.0236198258127
Thu Jul 31 1952 12:00:00 GMT+0100 (BST),190.88366383874205
Sun Aug 31 1952 12:00:00 GMT+0100 (BST),193.8431909232237
Fri Oct 31 1952 12:00:00 GMT+0000 (GMT),201.19746987724724
Wed Dec 31 1952 12:00:00 GMT+0000 (GMT),207.05425909662208
Sat Jan 31 1953 12:00:00 GMT+0000 (GMT),208.17438184565242
Tue Mar 31 1953 12:00:00 GMT+0100 (BST),205.88224371246633
Sun May 31 1953 12:00:00 GMT+0100 (BST),201.51394371014493
Fri Jul 31 1953 12:00:00 GMT+0100 (BST),202.06416469744678
Mon Aug 31 1953 12:00:00 GMT+0100 (BST),204.55513987373794
Sat Oct 31 1953 12:00:00 GMT+0000 (GMT),211.61817094015402
Thu Dec 31 1953 12:00:00 GMT+0000 (GMT),218.0410411301782
Sun Jan 31 1954 12:00:00 GMT+0000 (GMT),219.74323288379458
Wed Mar 31 1954 12:00:00 GMT+0100 (BST),218.5646316133754
Mon May 31 1954 12:00:00 GMT+0100 (BST),213.98312099693626
Sat Jul 31 1954 12:00:00 GMT+0100 (BST),213.26382163658056
Tue Aug 31 1954 12:00:00 GMT+0100 (BST),215.22702410823496
Sun Oct 31 1954 12:00:00 GMT+0000 (GMT),221.84981378733855
Fri Dec 31 1954 12:00:00 GMT+0000 (GMT),228.67113070465118
Mon Jan 31 1955 12:00:00 GMT+0000 (GMT),230.88206340888482
Thu Mar 31 1955 12:00:00 GMT+0100 (BST),230.86709014355313
Tue May 31 1955 12:00:00 GMT+0100 (BST),226.41576710516668
Sun Jul 31 1955 12:00:00 GMT+0100 (BST),224.52476773785068
Wed Aug 31 1955 12:00:00 GMT+0100 (BST),225.91248337578554
Mon Oct 31 1955 12:00:00 GMT+0000 (GMT),231.95689196349377
Sat Dec 31 1955 12:00:00 GMT+0000 (GMT),239.020997780878
Tue Jan 31 1956 12:00:00 GMT+0000 (GMT),241.66544192683352
Sat Mar 31 1956 12:00:00 GMT+0100 (BST),242.77529311468734
Thu May 31 1956 12:00:00 GMT+0100 (BST),238.71865455807563
Tue Jul 31 1956 12:00:00 GMT+0100 (BST),235.88933050485184
Fri Aug 31 1956 12:00:00 GMT+0100 (BST),236.71912360823455
Wed Oct 31 1956 12:00:00 GMT+0000 (GMT),242.11836310939808
Mon Dec 31 1956 12:00:00 GMT+0000 (GMT),249.27423036534339
Thu Jan 31 1957 12:00:00 GMT+0000 (GMT),252.24955847337154
Sun Mar 31 1957 12:00:00 GMT+0100 (BST),254.40722985703647
Fri May 31 1957 12:00:00 GMT+0100 (BST),251.03791086403328
Wed Jul 31 1957 12:00:00 GMT+0100 (BST),247.38035153351757
Sat Aug 31 1957 12:00:00 GMT+0100 (BST),247.58398383763233
Thu Oct 31 1957 12:00:00 GMT+0000 (GMT),252.16502745587442
Tue Dec 31 1957 12:00:00 GMT+0000 (GMT),259.29032412038146
Fri Jan 31 1958 12:00:00 GMT+0000 (GMT),262.55966660953834
Mon Mar 31 1958 12:00:00 GMT+0100 (BST),265.7584722573834
Sat May 31 1958 12:00:00 GMT+0100 (BST),263.2939710226376
Thu Jul 31 1958 12:00:00 GMT+0100 (BST),259.0583031694645
Sun Aug 31 1958 12:00:00 GMT+0100 (BST),258.63600220186385
Fri Oct 31 1958 12:00:00 GMT+0000 (GMT),262.2836641443257
Wed Dec 31 1958 12:00:00 GMT+0000 (GMT),269.24023577202377
Sat Jan 31 1959 12:00:00 GMT+0000 (GMT),272.7333695490373
Tue Mar 31 1959 12:00:00 GMT+0100 (BST),276.8816846317975
Sun May 31 1959 12:00:00 GMT+0100 (BST),275.4833732124042
Fri Jul 31 1959 12:00:00 GMT+0100 (BST),270.9577724608263
Mon Aug 31 1959 12:00:00 GMT+0100 (BST),269.9348683347388
Sat Oct 31 1959 12:00:00 GMT+0000 (GMT),272.54423049228797
Thu Dec 31 1959 12:00:00 GMT+0000 (GMT),279.1925690886202
Sun Jan 31 1960 12:00:00 GMT+0000 (GMT),282.83987101117395
Thu Mar 31 1960 12:00:00 GMT+0100 (BST),287.8796716462485
Tue May 31 1960 12:00:00 GMT+0100 (BST),287.55277278269074
Sun Jul 31 1960 12:00:00 GMT+0100 (BST),283.03522359057524
Wed Aug 31 1960 12:00:00 GMT+0100 (BST),281.510510890398
Mon Oct 31 1960 12:00:00 GMT+0000 (GMT),283.0919315093379
Sat Dec 31 1960 12:00:00 GMT+0000 (GMT),289.3350762855779
Tue Jan 31 1961 12:00:00 GMT+0000 (GMT),293.0637474870003
Fri Mar 31 1961 12:00:00 GMT+0100 (BST),298.73387333669416
Wed May 31 1961 12:00:00 GMT+0100 (BST),299.63263053523747
Mon Jul 31 1961 12:00:00 GMT+0100 (BST),295.43394428050635
Thu Aug 31 1961 12:00:00 GMT+0100 (BST),293.44680317658606
Tue Oct 31 1961 12:00:00 GMT+0000 (GMT),293.83985620287757
Sun Dec 31 1961 12:00:00 GMT+0000 (GMT),299.492611106383
Wed Jan 31 1962 12:00:00 GMT+0000 (GMT),303.23831352060085
Sat Mar 31 1962 12:00:00 GMT+0100 (BST),309.5269185568892
Thu May 31 1962 12:00:00 GMT+0100 (BST),311.6620547161457
Tue Jul 31 1962 12:00:00 GMT+0100 (BST),308.09745966034376
Fri Aug 31 1962 12:00:00 GMT+0100 (BST),305.77590522031
Wed Oct 31 1962 12:00:00 GMT+0000 (GMT),304.9511233344926
Mon Dec 31 1962 12:00:00 GMT+0000 (GMT),309.85392817789204
Thu Jan 31 1963 12:00:00 GMT+0000 (GMT),313.5384705825604
Sun Mar 31 1963 12:00:00 GMT+0100 (BST),320.31208840083826
Fri May 31 1963 12:00:00 GMT+0100 (BST),323.65070942358534
Wed Jul 31 1963 12:00:00 GMT+0100 (BST),321.0072648970069
Sat Aug 31 1963 12:00:00 GMT+0100 (BST),318.5179300549027
Thu Oct 31 1963 12:00:00 GMT+0000 (GMT),316.5018790690915
Tue Dec 31 1963 12:00:00 GMT+0000 (GMT),320.48840026514466
Fri Jan 31 1964 12:00:00 GMT+0000 (GMT),324.02674014104355
Tue Mar 31 1964 12:00:00 GMT+0100 (BST),331.2478581355793
Sun May 31 1964 12:00:00 GMT+0100 (BST),335.6375792799503
Fri Jul 31 1964 12:00:00 GMT+0100 (BST),334.0562485421803
Mon Aug 31 1964 12:00:00 GMT+0100 (BST),331.58581172450744
Sat Oct 31 1964 12:00:00 GMT+0000 (GMT),328.5608261222565
Thu Dec 31 1964 12:00:00 GMT+0000 (GMT),331.55917871947224
Sun Jan 31 1965 12:00:00 GMT+0000 (GMT),334.8836509145839
Wed Mar 31 1965 12:00:00 GMT+0100 (BST),342.1763938245823
Mon May 31 1965 12:00:00 GMT+0100 (BST),347.6028175505589
Sat Jul 31 1965 12:00:00 GMT+0100 (BST),347.3476762096184
Tue Aug 31 1965 12:00:00 GMT+0100 (BST),345.1060013735938
Sun Oct 31 1965 12:00:00 GMT+0000 (GMT),341.171453920091
Fri Dec 31 1965 12:00:00 GMT+0000 (GMT),342.9385723027361
Mon Jan 31 1966 12:00:00 GMT+0000 (GMT),345.9277021652938
Thu Mar 31 1966 12:00:00 GMT+0100 (BST),353.2373892201009
Tue May 31 1966 12:00:00 GMT+0100 (BST),359.56300578969507
Sun Jul 31 1966 12:00:00 GMT+0100 (BST),0.7367877916721745
Wed Aug 31 1966 12:00:00 GMT+0100 (BST),358.9357720503426
Mon Oct 31 1966 12:00:00 GMT+0000 (GMT),354.39218599040896
Sat Dec 31 1966 12:00:00 GMT+0000 (GMT),354.8009582767008
Tue Jan 31 1967 12:00:00 GMT+0000 (GMT),357.34278917191705
Fri Mar 31 1967 12:00:00 GMT+0100 (BST),4.472492258605502
Wed May 31 1967 12:00:00 GMT+0100 (BST),11.53000463123702
Mon Jul 31 1967 12:00:00 GMT+0100 (BST),14.152729348592263
Thu Aug 31 1967 12:00:00 GMT+0100 (BST),12.97617087490843
Tue Oct 31 1967 12:00:00 GMT+0000 (GMT),8.225843121392277
Sun Dec 31 1967 12:00:00 GMT+0000 (GMT),7.212073633425478
Wed Jan 31 1968 12:00:00 GMT+0000 (GMT),9.189200033884944
Sun Mar 31 1968 12:00:00 GMT+0100 (BST),16.051262138260984
Fri May 31 1968 12:00:00 GMT+0100 (BST),23.621203938031513
Wed Jul 31 1968 12:00:00 GMT+0100 (BST),27.540986673800774
Sat Aug 31 1968 12:00:00 GMT+0100 (BST),27.06541970429308
Thu Oct 31 1968 12:00:00 GMT+0000 (GMT),22.542908936880668
Tue Dec 31 1968 12:00:00 GMT+0000 (GMT),20.23979056659854
Fri Jan 31 1969 12:00:00 GMT+0000 (GMT),21.591618439898365
Mon Mar 31 1969 12:00:00 GMT+0100 (BST),27.74542260324466
Sat May 31 1969 12:00:00 GMT+0100 (BST),35.648351171545585
Thu Jul 31 1969 12:00:00 GMT+0100 (BST),40.83796457014813
Sun Aug 31 1969 12:00:00 GMT+0100 (BST),41.18865756460532
Fri Oct 31 1969 12:00:00 GMT+0000 (GMT),37.384307909162544
Wed Dec 31 1969 12:00:00 GMT+0000 (GMT),33.85575312738372
Sat Jan 31 1970 12:00:00 GMT+0000 (GMT),34.435767968526775
Tue Mar 31 1970 12:00:00 GMT+0000 (BST),39.71652474486569
Sun May 31 1970 12:00:00 GMT+0000 (BST),47.70978982778345
Fri Jul 31 1970 12:00:00 GMT+0000 (BST),53.98160436754653
Mon Aug 31 1970 12:00:00 GMT+0000 (BST),55.165688423493464
Sat Oct 31 1970 12:00:00 GMT+0000 (GMT),52.51131379598539
Thu Dec 31 1970 12:00:00 GMT+0000 (GMT),48.08717619706144
Sun Jan 31 1971 12:00:00 GMT+0000 (GMT),47.83569856697252
Wed Mar 31 1971 12:00:00 GMT+0000 (BST),51.991529546908346
Mon May 31 1971 12:00:00 GMT+0000 (BST),59.81346718456556
Sat Jul 31 1971 12:00:00 GMT+0000 (BST),66.93617928340818
Tue Aug 31 1971 12:00:00 GMT+0000 (BST),68.90149515218488
Sun Oct 31 1971 12:00:00 GMT+0000 (GMT),67.70835972110427
Fri Dec 31 1971 12:00:00 GMT+0000 (GMT),62.86289608566478
Mon Jan 31 1972 12:00:00 GMT+0000 (GMT),61.78645649416147
Fri Mar 31 1972 12:00:00 GMT+0100 (BST),64.68490564629037
Wed May 31 1972 12:00:00 GMT+0100 (BST),72.10182941819909
Mon Jul 31 1972 12:00:00 GMT+0100 (BST),79.78496020327162
Thu Aug 31 1972 12:00:00 GMT+0100 (BST),82.39166515834427
Tue Oct 31 1972 12:00:00 GMT+0000 (GMT),82.7019803797591
Sun Dec 31 1972 12:00:00 GMT+0000 (GMT),77.9641583032186
Wed Jan 31 1973 12:00:00 GMT+0000 (GMT),76.2041099416559
Sat Mar 31 1973 12:00:00 GMT+0100 (BST),77.59541096959032
Thu May 31 1973 12:00:00 GMT+0100 (BST),84.3058155725039
Tue Jul 31 1973 12:00:00 GMT+0100 (BST),92.32329107460761
Fri Aug 31 1973 12:00:00 GMT+0100 (BST),95.49706212871004
Wed Oct 31 1973 12:00:00 GMT+0000 (GMT),97.42503087025234
Mon Dec 31 1973 12:00:00 GMT+0000 (GMT),93.3318635476709
Thu Jan 31 1974 12:00:00 GMT+0000 (GMT),91.02160297897484
Sun Mar 31 1974 12:00:00 GMT+0100 (BST),90.8271521121001
Fri May 31 1974 12:00:00 GMT+0100 (BST),96.56366766990675
Wed Jul 31 1974 12:00:00 GMT+0100 (BST),104.63848830427959
Sat Aug 31 1974 12:00:00 GMT+0100 (BST),108.24038779355149
Thu Oct 31 1974 12:00:00 GMT+0000 (GMT),111.665702059137
Tue Dec 31 1974 12:00:00 GMT+0000 (GMT),108.66509754111223
Fri Jan 31 1975 12:00:00 GMT+0000 (GMT),106.0716595100477
Mon Mar 31 1975 12:00:00 GMT+0100 (BST),104.35335351023167
Sat May 31 1975 12:00:00 GMT+0100 (BST),108.87759694920696
Thu Jul 31 1975 12:00:00 GMT+0100 (BST),116.73938733121453
Sun Aug 31 1975 12:00:00 GMT+0100 (BST),120.62748441162258
Fri Oct 31 1975 12:00:00 GMT+0000 (GMT),125.34592984336105
Wed Dec 31 1975 12:00:00 GMT+0000 (GMT),123.72688281033813
Sat Jan 31 1976 12:00:00 GMT+0000 (GMT),121.15131497638167
Wed Mar 31 1976 12:00:00 GMT+0100 (BST),118.12097771390958
Mon May 31 1976 12:00:00 GMT+0100 (BST),121.34561667337687
Sat Jul 31 1976 12:00:00 GMT+0100 (BST),128.7740204319691
Tue Aug 31 1976 12:00:00 GMT+0100 (BST),132.801643068551
Sun Oct 31 1976 12:00:00 GMT+0000 (GMT),138.49559054868377
Fri Dec 31 1976 12:00:00 GMT+0000 (GMT),138.26839801627227
Mon Jan 31 1977 12:00:00 GMT+0000 (GMT),135.96265351257492
Thu Mar 31 1977 12:00:00 GMT+0100 (BST),132.0301195619204
Tue May 31 1977 12:00:00 GMT+0100 (BST),133.7503248968986
Sun Jul 31 1977 12:00:00 GMT+0100 (BST),140.49206007999854
Wed Aug 31 1977 12:00:00 GMT+0100 (BST),144.54831590702895
Mon Oct 31 1977 12:00:00 GMT+0000 (GMT),151.04754859694836
Sat Dec 31 1977 12:00:00 GMT+0000 (GMT),152.30136725921002
Tue Jan 31 1978 12:00:00 GMT+0000 (GMT),150.49638328510602
Fri Mar 31 1978 12:00:00 GMT+0100 (BST),146.0097715617371
Wed May 31 1978 12:00:00 GMT+0100 (BST),146.20088106910475
Mon Jul 31 1978 12:00:00 GMT+0100 (BST),152.04946191917082
Thu Aug 31 1978 12:00:00 GMT+0100 (BST),156.01656074811555
Tue Oct 31 1978 12:00:00 GMT+0000 (GMT),163.0723717293984
Sun Dec 31 1978 12:00:00 GMT+0000 (GMT),165.69412776520227
Wed Jan 31 1979 12:00:00 GMT+0000 (GMT),164.53014515335857
Sat Mar 31 1979 12:00:00 GMT+0100 (BST),159.94947326572242
Thu May 31 1979 12:00:00 GMT+0100 (BST),158.68978015997203
Tue Jul 31 1979 12:00:00 GMT+0100 (BST),163.47297590437157
Fri Aug 31 1979 12:00:00 GMT+0100 (BST),167.24458760849322
Wed Oct 31 1979 12:00:00 GMT+0000 (GMT),174.62636129231626
Mon Dec 31 1979 12:00:00 GMT+0000 (GMT),178.44690683134777
Thu Jan 31 1980 12:00:00 GMT+0000 (GMT),177.9868218802268
Mon Mar 31 1980 12:00:00 GMT+0100 (BST),173.65854809611045
Sat May 31 1980 12:00:00 GMT+0100 (BST),171.21639664105555
Thu Jul 31 1980 12:00:00 GMT+0100 (BST),174.89272626168423
Sun Aug 31 1980 12:00:00 GMT+0100 (BST),178.39550280364998
Fri Oct 31 1980 12:00:00 GMT+0000 (GMT),185.88421571952972
Wed Dec 31 1980 12:00:00 GMT+0000 (GMT),190.63379354769597
Sat Jan 31 1981 12:00:00 GMT+0000 (GMT),190.8244546346722
Tue Mar 31 1981 12:00:00 GMT+0100 (BST),187.19295057628818
Sun May 31 1981 12:00:00 GMT+0100 (BST),183.72339477801344
Fri Jul 31 1981 12:00:00 GMT+0100 (BST),186.12546876984547
Mon Aug 31 1981 12:00:00 GMT+0100 (BST),189.26066749220817
Sat Oct 31 1981 12:00:00 GMT+0000 (GMT),196.69274753673184
Thu Dec 31 1981 12:00:00 GMT+0000 (GMT),202.26758746299276
Sun Jan 31 1982 12:00:00 GMT+0000 (GMT),203.12885844466012
Wed Mar 31 1982 12:00:00 GMT+0100 (BST),200.40896494897663
Mon May 31 1982 12:00:00 GMT+0100 (BST),196.230634762033
Sat Jul 31 1982 12:00:00 GMT+0100 (BST),197.32070613713168
Tue Aug 31 1982 12:00:00 GMT+0100 (BST),200.01414627021316
Sun Oct 31 1982 12:00:00 GMT+0000 (GMT),207.21956404392463
Fri Dec 31 1982 12:00:00 GMT+0000 (GMT),213.43371166897145
Mon Jan 31 1983 12:00:00 GMT+0000 (GMT),214.90605642673074
Thu Mar 31 1983 12:00:00 GMT+0100 (BST),213.2595982724039
Tue May 31 1983 12:00:00 GMT+0100 (BST),208.72212492128304
Sun Jul 31 1983 12:00:00 GMT+0100 (BST),208.51734567994114
Wed Aug 31 1983 12:00:00 GMT+0100 (BST),210.70527629065137
Mon Oct 31 1983 12:00:00 GMT+0000 (GMT),217.52933078398368
Sat Dec 31 1983 12:00:00 GMT+0000 (GMT),224.20925025622702
Tue Jan 31 1984 12:00:00 GMT+0000 (GMT),226.22135439828537
Sat Mar 31 1984 12:00:00 GMT+0100 (BST),225.67035587965577
Thu May 31 1984 12:00:00 GMT+0100 (BST),221.11398249149434
Tue Jul 31 1984 12:00:00 GMT+0100 (BST),219.78541047435493
Fri Aug 31 1984 12:00:00 GMT+0100 (BST),221.46183124349238
Wed Oct 31 1984 12:00:00 GMT+0000 (GMT),227.80683875806108
Mon Dec 31 1984 12:00:00 GMT+0000 (GMT),234.76806964206378
Thu Jan 31 1985 12:00:00 GMT+0000 (GMT),237.2070116826033
Sun Mar 31 1985 12:00:00 GMT+0100 (BST),237.780265670133
Fri May 31 1985 12:00:00 GMT+0100 (BST),233.5167042817182
Wed Jul 31 1985 12:00:00 GMT+0100 (BST),231.08848664028696
Sat Aug 31 1985 12:00:00 GMT+0100 (BST),232.17075374805717
Thu Oct 31 1985 12:00:00 GMT+0000 (GMT),237.871737786905
Tue Dec 31 1985 12:00:00 GMT+0000 (GMT),245.00130256890947
Fri Jan 31 1986 12:00:00 GMT+0000 (GMT),247.83611507909882
Mon Mar 31 1986 12:00:00 GMT+0100 (BST),249.54553760539284
Sat May 31 1986 12:00:00 GMT+0100 (BST),245.86502195993467
Thu Jul 31 1986 12:00:00 GMT+0100 (BST),242.51890287719033
Sun Aug 31 1986 12:00:00 GMT+0100 (BST),242.98044250190986
Fri Oct 31 1986 12:00:00 GMT+0000 (GMT),247.91168207254347
Wed Dec 31 1986 12:00:00 GMT+0000 (GMT),255.06691033274495
Sat Jan 31 1987 12:00:00 GMT+0000 (GMT),258.22466816613604
Tue Mar 31 1987 12:00:00 GMT+0100 (BST),261.00754505701366
Sun May 31 1987 12:00:00 GMT+0100 (BST),258.149796472709
Fri Jul 31 1987 12:00:00 GMT+0100 (BST),254.11788454509465
Mon Aug 31 1987 12:00:00 GMT+0100 (BST),253.9503964316695
Sat Oct 31 1987 12:00:00 GMT+0000 (GMT),257.99359993426947
Thu Dec 31 1987 12:00:00 GMT+0000 (GMT),265.0357873608332
Sun Jan 31 1988 12:00:00 GMT+0000 (GMT),268.44554512116594
Thu Mar 31 1988 12:00:00 GMT+0100 (BST),272.2357850043469
Tue May 31 1988 12:00:00 GMT+0100 (BST),270.29352316840595
Sun Jul 31 1988 12:00:00 GMT+0100 (BST),265.87324987923944
Wed Aug 31 1988 12:00:00 GMT+0100 (BST),265.1424665159908
Mon Oct 31 1988 12:00:00 GMT+0000 (GMT),268.27803937101777
Sat Dec 31 1988 12:00:00 GMT+0000 (GMT),275.0972043510652
Tue Jan 31 1989 12:00:00 GMT+0000 (GMT),278.67742410859455
Fri Mar 31 1989 12:00:00 GMT+0100 (BST),283.26729629022316
Wed May 31 1989 12:00:00 GMT+0100 (BST),282.45198414834994
Mon Jul 31 1989 12:00:00 GMT+0100 (BST),277.8977372548537
Thu Aug 31 1989 12:00:00 GMT+0100 (BST),276.59033914103594
Tue Oct 31 1989 12:00:00 GMT+0000 (GMT),278.6401256930878
Sun Dec 31 1989 12:00:00 GMT+0000 (GMT),285.07940227995766
Wed Jan 31 1990 12:00:00 GMT+0000 (GMT),288.77867900950247
Sat Mar 31 1990 12:00:00 GMT+0100 (BST),294.15716796235097
Thu May 31 1990 12:00:00 GMT+0100 (BST),294.548378298923
Tue Jul 31 1990 12:00:00 GMT+0100 (BST),290.18044288132944
Fri Aug 31 1990 12:00:00 GMT+0100 (BST),288.3700344304266
Wed Oct 31 1990 12:00:00 GMT+0000 (GMT),289.2558860871098
Mon Dec 31 1990 12:00:00 GMT+0000 (GMT),295.1675148270049
Thu Jan 31 1991 12:00:00 GMT+0000 (GMT),298.9139823915828
Sun Mar 31 1991 12:00:00 GMT+0100 (BST),304.96158284013586
Fri May 31 1991 12:00:00 GMT+0100 (BST),306.58887485026713
Wed Jul 31 1991 12:00:00 GMT+0100 (BST),302.7274614077047
Sat Aug 31 1991 12:00:00 GMT+0100 (BST),300.52572442022745
Thu Oct 31 1991 12:00:00 GMT+0000 (GMT),300.20119613429785
Tue Dec 31 1991 12:00:00 GMT+0000 (GMT),305.4294952010186
Fri Jan 31 1992 12:00:00 GMT+0000 (GMT),309.1473581570423
Tue Mar 31 1992 12:00:00 GMT+0100 (BST),315.82434047546593
Sun May 31 1992 12:00:00 GMT+0100 (BST),318.57795953681386
Fri Jul 31 1992 12:00:00 GMT+0100 (BST),315.4469119442908
Mon Aug 31 1992 12:00:00 GMT+0100 (BST),313.01673359493
Sat Oct 31 1992 12:00:00 GMT+0000 (GMT),311.5804157849187
Thu Dec 31 1992 12:00:00 GMT+0000 (GMT),316.04164554121917
Sun Jan 31 1993 12:00:00 GMT+0000 (GMT),319.6646060556142
Wed Mar 31 1993 12:00:00 GMT+0100 (BST),326.6324952652211
Mon May 31 1993 12:00:00 GMT+0100 (BST),330.5590554913473
Sat Jul 31 1993 12:00:00 GMT+0100 (BST),328.47868293405384
Tue Aug 31 1993 12:00:00 GMT+0100 (BST),325.9779310316557
Sun Oct 31 1993 12:00:00 GMT+0000 (GMT),323.3906912357311
Fri Dec 31 1993 12:00:00 GMT+0000 (GMT),326.8494411632496
Mon Jan 31 1994 12:00:00 GMT+0000 (GMT),330.27977923959645
Thu Mar 31 1994 12:00:00 GMT+0100 (BST),337.50860592105556
Tue May 31 1994 12:00:00 GMT+0100 (BST),342.51766414852324
Sun Jul 31 1994 12:00:00 GMT+0100 (BST),341.69595046155433
Wed Aug 31 1994 12:00:00 GMT+0100 (BST),339.33391134098514
Mon Oct 31 1994 12:00:00 GMT+0000 (GMT),335.74641059175406
Sat Dec 31 1994 12:00:00 GMT+0000 (GMT),338.03863074544023
Tue Jan 31 1995 12:00:00 GMT+0000 (GMT),341.17768736055865
Fri Mar 31 1995 12:00:00 GMT+0100 (BST),348.4986663225018
Wed May 31 1995 12:00:00 GMT+0100 (BST),354.4661916847589
Mon Jul 31 1995 12:00:00 GMT+0100 (BST),355.03859527372276
Thu Aug 31 1995 12:00:00 GMT+0100 (BST),353.0308370249659
Tue Oct 31 1995 12:00:00 GMT+0000 (GMT),348.6978144826034
Sun Dec 31 1995 12:00:00 GMT+0000 (GMT),349.6807300419949
Wed Jan 31 1996 12:00:00 GMT+0000 (GMT),352.4203958270651
Sun Mar 31 1996 12:00:00 GMT+0100 (BST),359.77386630613097
Fri May 31 1996 12:00:00 GMT+0100 (BST),6.4986079348636485
Wed Jul 31 1996 12:00:00 GMT+0100 (BST),8.415863850683657
Sat Aug 31 1996 12:00:00 GMT+0100 (BST),6.913018405141412
Thu Oct 31 1996 12:00:00 GMT+0000 (GMT),2.2070428129791457
Tue Dec 31 1996 12:00:00 GMT+0000 (GMT),1.8932536584190498
Fri Jan 31 1997 12:00:00 GMT+0000 (GMT),4.162892638057639
Mon Mar 31 1997 12:00:00 GMT+0100 (BST),11.12094571270638
Sat May 31 1997 12:00:00 GMT+0100 (BST),18.48187154387379
Thu Jul 31 1997 12:00:00 GMT+0100 (BST),21.828199002018348
Sun Aug 31 1997 12:00:00 GMT+0100 (BST),21.02615029246216
Fri Oct 31 1997 12:00:00 GMT+0000 (GMT),16.348998540141082
Wed Dec 31 1997 12:00:00 GMT+0000 (GMT),14.615240393434553
Sat Jan 31 1998 12:00:00 GMT+0000 (GMT),16.25983525681343
Tue Mar 31 1998 12:00:00 GMT+0100 (BST),22.699257746835833
Sun May 31 1998 12:00:00 GMT+0100 (BST),30.48774067264725
Fri Jul 31 1998 12:00:00 GMT+0100 (BST),35.164315411291696
Mon Aug 31 1998 12:00:00 GMT+0100 (BST),35.164895943032604
Sat Oct 31 1998 12:00:00 GMT+0000 (GMT),31.004249079641525
Thu Dec 31 1998 12:00:00 GMT+0000 (GMT),27.957113231163948
Sun Jan 31 1999 12:00:00 GMT+0000 (GMT),28.868786210864275
Wed Mar 31 1999 12:00:00 GMT+0100 (BST),34.54269453263993
Mon May 31 1999 12:00:00 GMT+0100 (BST),42.52594171987849
Sat Jul 31 1999 12:00:00 GMT+0100 (BST),48.36882824499022
Tue Aug 31 1999 12:00:00 GMT+0100 (BST),49.20699226703686
Sun Oct 31 1999 12:00:00 GMT+0000 (GMT),46.026055689282124
Fri Dec 31 1999 12:00:00 GMT+0000 (GMT),41.926871205886364
Mon Jan 31 2000 12:00:00 GMT+0000 (GMT),42.02646067096061
Fri Mar 31 2000 12:00:00 GMT+0100 (BST),46.796659819853524
Wed May 31 2000 12:00:00 GMT+0100 (BST),54.73756659578886
Mon Jul 31 2000 12:00:00 GMT+0100 (BST),61.47774575860701
Thu Aug 31 2000 12:00:00 GMT+0100 (BST),63.07225438192915
Tue Oct 31 2000 12:00:00 GMT+0000 (GMT),61.13718034880785
Sun Dec 31 2000 12:00:00 GMT+0000 (GMT),56.43033053200892
Wed Jan 31 2001 12:00:00 GMT+0000 (GMT),55.750158582337804
Sat Mar 31 2001 12:00:00 GMT+0100 (BST),59.23932215142883
Thu May 31 2001 12:00:00 GMT+0100 (BST),66.86848840875318
Tue Jul 31 2001 12:00:00 GMT+0100 (BST),74.32866210623078
Fri Aug 31 2001 12:00:00 GMT+0100 (BST),76.6592048508885
Wed Oct 31 2001 12:00:00 GMT+0000 (GMT),76.28524005212809
Mon Dec 31 2001 12:00:00 GMT+0000 (GMT),71.43770198545542
Thu Jan 31 2002 12:00:00 GMT+0000 (GMT),69.96958931135167
Sun Mar 31 2002 12:00:00 GMT+0100 (BST),72.0098491490111
Fri May 31 2002 12:00:00 GMT+0100 (BST),79.04962160425337
Wed Jul 31 2002 12:00:00 GMT+0100 (BST),86.96090460994593
Sat Aug 31 2002 12:00:00 GMT+0100 (BST),89.91361794053535
Thu Oct 31 2002 12:00:00 GMT+0000 (GMT),91.17233541890711
Tue Dec 31 2002 12:00:00 GMT+0000 (GMT),86.74683540780777
Fri Jan 31 2003 12:00:00 GMT+0000 (GMT),84.6382211722082
Mon Mar 31 2003 12:00:00 GMT+0100 (BST),85.10916711920626
Sat May 31 2003 12:00:00 GMT+0100 (BST),91.28558949997634
Thu Jul 31 2003 12:00:00 GMT+0100 (BST),99.37106431044499
Sun Aug 31 2003 12:00:00 GMT+0100 (BST),102.81161932082624
Fri Oct 31 2003 12:00:00 GMT+0000 (GMT),105.6318680242688
Wed Dec 31 2003 12:00:00 GMT+0000 (GMT),102.12845451696005
Sat Jan 31 2004 12:00:00 GMT+0000 (GMT),99.61730706195758
Wed Mar 31 2004 12:00:00 GMT+0100 (BST),98.55715195795838
Mon May 31 2004 12:00:00 GMT+0100 (BST),103.69851833686907
Sat Jul 31 2004 12:00:00 GMT+0100 (BST),111.695588721996
Tue Aug 31 2004 12:00:00 GMT+0100 (BST),115.46079315022929
Sun Oct 31 2004 12:00:00 GMT+0000 (GMT),119.57611420935554
Fri Dec 31 2004 12:00:00 GMT+0000 (GMT),117.25787878052805
Mon Jan 31 2005 12:00:00 GMT+0000 (GMT),114.63647876335531
Thu Mar 31 2005 12:00:00 GMT+0100 (BST),112.21138172840254
Tue May 31 2005 12:00:00 GMT+0100 (BST),116.03696358573161
Sun Jul 31 2005 12:00:00 GMT+0100 (BST),123.6872881675029
Wed Aug 31 2005 12:00:00 GMT+0100 (BST),127.66701083550382
Mon Oct 31 2005 12:00:00 GMT+0000 (GMT),132.95109611406488
Sat Dec 31 2005 12:00:00 GMT+0000 (GMT),132.0945584971232
Tue Jan 31 2006 12:00:00 GMT+0000 (GMT),129.6402493149555
Fri Mar 31 2006 12:00:00 GMT+0100 (BST),126.07026447792093
Wed May 31 2006 12:00:00 GMT+0100 (BST),128.42905575781157
Mon Jul 31 2006 12:00:00 GMT+0100 (BST),135.48772826790028
Thu Aug 31 2006 12:00:00 GMT+0100 (BST),139.5489792118514
Tue Oct 31 2006 12:00:00 GMT+0000 (GMT),145.74687916814838
Sun Dec 31 2006 12:00:00 GMT+0000 (GMT),146.39382214183166
Wed Jan 31 2007 12:00:00 GMT+0000 (GMT),144.3578094546446
Sat Mar 31 2007 12:00:00 GMT+0100 (BST),140.0450000078377
Thu May 31 2007 12:00:00 GMT+0100 (BST),140.87119535847202
Tue Jul 31 2007 12:00:00 GMT+0100 (BST),147.11854667590637
Fri Aug 31 2007 12:00:00 GMT+0100 (BST),151.1385380885773
Wed Oct 31 2007 12:00:00 GMT+0000 (GMT),157.99599179029684
Mon Dec 31 2007 12:00:00 GMT+0000 (GMT),160.0691722122466
Thu Jan 31 2008 12:00:00 GMT+0000 (GMT),158.6266618475189
Mon Mar 31 2008 12:00:00 GMT+0100 (BST),153.96730778532668
Sat May 31 2008 12:00:00 GMT+0100 (BST),153.40123998265014
Thu Jul 31 2008 12:00:00 GMT+0100 (BST),158.72274953615747
Sun Aug 31 2008 12:00:00 GMT+0100 (BST),162.6009912371458
Fri Oct 31 2008 12:00:00 GMT+0000 (GMT),169.8470856856105
Wed Dec 31 2008 12:00:00 GMT+0000 (GMT),173.10078056715253
Sat Jan 31 2009 12:00:00 GMT+0000 (GMT),172.29170976716887
Tue Mar 31 2009 12:00:00 GMT+0100 (BST),167.8320525109974
Sun May 31 2009 12:00:00 GMT+0100 (BST),165.89617334827437
Fri Jul 31 2009 12:00:00 GMT+0100 (BST),170.08084241038785
Mon Aug 31 2009 12:00:00 GMT+0100 (BST),173.71399663225608
Sat Oct 31 2009 12:00:00 GMT+0000 (GMT),181.17658828022985
Thu Dec 31 2009 12:00:00 GMT+0000 (GMT),185.53125289401572
Sun Jan 31 2010 12:00:00 GMT+0000 (GMT),185.43272054037092
Wed Mar 31 2010 12:00:00 GMT+0100 (BST),181.49262436874116
Mon May 31 2010 12:00:00 GMT+0100 (BST),178.41183707864784
Sat Jul 31 2010 12:00:00 GMT+0100 (BST),181.35116670706088
Tue Aug 31 2010 12:00:00 GMT+0100 (BST),184.64996162403745
Sun Oct 31 2010 12:00:00 GMT+0000 (GMT),192.13136157780764
Fri Dec 31 2010 12:00:00 GMT+0000 (GMT),197.39202636228137
Mon Jan 31 2011 12:00:00 GMT+0000 (GMT),197.98350163914827
Thu Mar 31 2011 12:00:00 GMT+0100 (BST),194.86191179555794
Tue May 31 2011 12:00:00 GMT+0100 (BST),190.93390263788564
Sun Jul 31 2011 12:00:00 GMT+0100 (BST),192.56837218038515
Wed Aug 31 2011 12:00:00 GMT+0100 (BST),195.45411215318862
Mon Oct 31 2011 12:00:00 GMT+0000 (GMT),202.77643413822761
Sat Dec 31 2011 12:00:00 GMT+0000 (GMT),208.75232676779794
Tue Jan 31 2012 12:00:00 GMT+0000 (GMT),209.98221680099095
Sat Mar 31 2012 12:00:00 GMT+0100 (BST),207.8046293567921
Thu May 31 2012 12:00:00 GMT+0100 (BST),203.40050479638185
Tue Jul 31 2012 12:00:00 GMT+0100 (BST),203.82731725851454
Fri Aug 31 2012 12:00:00 GMT+0100 (BST),206.2706690211431
Wed Oct 31 2012 12:00:00 GMT+0000 (GMT),213.29871779526837
Mon Dec 31 2012 12:00:00 GMT+0000 (GMT),219.76738822173047
Thu Jan 31 2013 12:00:00 GMT+0000 (GMT),221.52165289138114
Sun Mar 31 2013 12:00:00 GMT+0100 (BST),220.45318916302224
Fri May 31 2013 12:00:00 GMT+0100 (BST),215.86941300541912
Wed Jul 31 2013 12:00:00 GMT+0100 (BST),215.03316231868268
Sat Aug 31 2013 12:00:00 GMT+0100 (BST),216.94347821590173
Thu Oct 31 2013 12:00:00 GMT+0000 (GMT),223.51741808215792
Tue Dec 31 2013 12:00:00 GMT+0000 (GMT),230.3691140794744
