 1901-Jan-31 12:00, , ,288.7216862, -0.0572812,
 1901-Mar-31 12:00, , ,  2.1679966, -1.4416824,
 1901-May-31 12:00, , , 77.4391790,  0.3251842,
 1901-Jul-31 12:00, , ,152.0687000,  1.5031297,
 1901-Aug-31 12:00, , ,189.6254037,  0.5731824,
 1901-Oct-31 12:00, , ,261.6906101, -2.6066087,
 1901-Dec-31 12:00, , ,323.1819801, -0.3678227,
 1902-Jan-31 12:00, , ,332.5094183,  5.8837602,
 1902-Mar-31 12:00, , ,326.8754472,  3.1113320,
 1902-May-31 12:00, , , 26.0935088, -2.1734837,
 1902-Jul-31 12:00, , , 96.8051963, -0.7381480,
 1902-Aug-31 12:00, , ,134.2836417,  0.6844609,
 1902-Oct-31 12:00, , ,210.0078238,  1.1922802,
 1902-Dec-31 12:00, , ,286.6864122, -0.9682681,
 1903-Jan-31 12:00, , ,325.5816408, -1.5128018,
 1903-Mar-31 12:00, , , 38.5402792,  0.1487052,
 1903-May-31 12:00, , ,110.3906124,  2.3389056,
 1903-Jul-31 12:00, , ,170.4099021, -1.7032548,
 1903-Aug-31 12:00, , ,181.4556576, -7.1375730,
 1903-Oct-31 12:00, , ,173.9921249, -1.1008383,
 1903-Dec-31 12:00, , ,234.5881765,  2.6291736,
 1904-Jan-31 12:00, , ,271.3311316,  1.4785004,
 1904-Mar-31 12:00, , ,344.4986737, -1.3120567,
 1904-May-31 12:00, , , 59.2616027, -0.7471459,
 1904-Jul-31 12:00, , ,134.2212004,  1.3113802,
 1904-Aug-31 12:00, , ,172.4935078,  1.3141078,
 1904-Oct-31 12:00, , ,247.6991634, -1.0191729,
 1904-Dec-31 12:00, , ,321.6472886, -1.7916842,
 1905-Jan-31 12:00, , ,357.0727845,  0.0820014,
 1905-Mar-31 12:00, , , 44.0882702,  6.3988249,
 1905-May-31 12:00, , , 31.1647993, -1.4813756,
 1905-Jul-31 12:00, , , 83.6422507, -2.5368713,
 1905-Aug-31 12:00, , ,118.4390430, -0.7037639,
 1905-Oct-31 12:00, , ,192.0279962,  1.6272441,
 1905-Dec-31 12:00, , ,268.4077269,  0.0533800,
 1906-Jan-31 12:00, , ,307.3680963, -1.0576741,
 1906-Mar-31 12:00, , , 21.0303735, -0.9273266,
 1906-May-31 12:00, , , 95.7341081,  1.4326429,
 1906-Jul-31 12:00, , ,167.9005277,  0.8718942,
 1906-Aug-31 12:00, , ,202.4372013, -1.3443790,
 1906-Oct-31 12:00, , ,253.1806538, -5.4615188,
 1906-Dec-31 12:00, , ,241.6530094,  4.2605298,
 1907-Jan-31 12:00, , ,264.0159305,  4.0312087,
 1907-Mar-31 12:00, , ,328.1814447, -0.2786344,
 1907-May-31 12:00, , , 40.6442581, -1.6671332,
 1907-Jul-31 12:00, , ,114.7220462,  0.5279561,
 1907-Aug-31 12:00, , ,152.9693831,  1.3435474,
 1907-Oct-31 12:00, , ,229.0040677,  0.2615253,
 1907-Dec-31 12:00, , ,305.1361155, -1.6870765,
 1908-Jan-31 12:00, , ,343.4200126, -1.3116921,
 1908-Mar-31 12:00, , , 54.1037384,  2.1120144,
 1908-May-31 12:00, , ,108.3494939,  2.6691252,
 1908-Jul-31 12:00, , , 95.6060592, -6.1069601,
 1908-Aug-31 12:00, , ,112.5883630, -3.6986383,
 1908-Oct-31 12:00, , ,176.4977715,  1.3450162,
 1908-Dec-31 12:00, , ,250.7497765,  1.2513091,
 1909-Jan-31 12:00, , ,289.3629187, -0.0973265,
 1909-Mar-31 12:00, , ,  2.8330798, -1.4346848,
 1909-May-31 12:00, , , 78.1067464,  0.3619088,
 1909-Jul-31 12:00, , ,152.7012336,  1.4979161,
 1909-Aug-31 12:00, , ,190.2151017,  0.5339856,
 1909-Oct-31 12:00, , ,262.0775231, -2.6696014,
 1909-Dec-31 12:00, , ,322.4542242, -0.2442709,
 1910-Jan-31 12:00, , ,329.3199236,  6.2117267,
 1910-Mar-31 12:00, , ,326.2303740,  2.9061913,
 1910-May-31 12:00, , , 26.4968557, -2.1677974,
 1910-Jul-31 12:00, , , 97.4086427, -0.6896862,
 1910-Aug-31 12:00, , ,134.9294609,  0.7169597,
 1910-Oct-31 12:00, , ,210.6851932,  1.1691174,
 1910-Dec-31 12:00, , ,287.3597326, -0.9978488,
 1911-Jan-31 12:00, , ,326.2458563, -1.5182537,
 1911-Mar-31 12:00, , , 39.1559900,  0.1950986,
 1911-May-31 12:00, , ,110.8235341,  2.3647545,
 1911-Jul-31 12:00, , ,169.8506027, -1.8752625,
 1911-Aug-31 12:00, , ,178.7285039, -7.4268957,
 1911-Oct-31 12:00, , ,173.3295588, -0.9364092,
 1911-Dec-31 12:00, , ,235.0066249,  2.5835489,
 1912-Jan-31 12:00, , ,271.8734234,  1.4189304,
 1912-Mar-31 12:00, , ,345.1346582, -1.3277370,
 1912-May-31 12:00, , , 59.9329443, -0.7134842,
 1912-Jul-31 12:00, , ,134.9023366,  1.3274017,
 1912-Aug-31 12:00, , ,173.1637892,  1.3015289,
 1912-Oct-31 12:00, , ,248.3156637, -1.0652147,
 1912-Dec-31 12:00, , ,322.1260729, -1.7800676,
 1913-Jan-31 12:00, , ,357.3443787,  0.1635695,
 1913-Mar-31 12:00, , , 42.2817902,  6.6249647,
 1913-May-31 12:00, , , 30.0456093, -1.5622211,
 1913-Jul-31 12:00, , , 84.0017755, -2.4613316,
 1913-Aug-31 12:00, , ,118.9653352, -0.6415988,
 1913-Oct-31 12:00, , ,192.6802302,  1.6219612,
 1913-Dec-31 12:00, , ,269.0869070,  0.0158778,
 1914-Jan-31 12:00, , ,308.0518238, -1.0812747,
 1914-Mar-31 12:00, , , 21.7106871, -0.9005828,
 1914-May-31 12:00, , , 96.3706854,  1.4662637,
 1914-Jul-31 12:00, , ,168.3821421,  0.8304692,
 1914-Aug-31 12:00, , ,202.7109801, -1.4424307,
 1914-Oct-31 12:00, , ,251.4497984, -5.5825469,
 1914-Dec-31 12:00, , ,240.2417429,  4.2074517,
 1915-Jan-31 12:00, , ,263.9157321,  3.9057776,
 1915-Mar-31 12:00, , ,328.6701574, -0.3327196,
 1915-May-31 12:00, , , 41.2755292, -1.6426475,
 1915-Jul-31 12:00, , ,115.4041926,  0.5611892,
 1915-Aug-31 12:00, , ,153.6610953,  1.3536165,
 1915-Oct-31 12:00, , ,229.6862771,  0.2251506,
 1915-Dec-31 12:00, , ,305.7813932, -1.7025246,
 1916-Jan-31 12:00, , ,344.0261626, -1.2906788,
 1916-Mar-31 12:00, , , 54.4815738,  2.1968325,
 1916-May-31 12:00, , ,107.2211072,  2.6412649,
 1916-Jul-31 12:00, , , 93.8898174, -5.9440953,
 1916-Aug-31 12:00, , ,112.4012666, -3.5399321,
 1916-Oct-31 12:00, , ,177.0026995,  1.3716917,
 1916-Dec-31 12:00, , ,251.3898150,  1.2099544,
 1917-Jan-31 12:00, , ,290.0259335, -0.1367462,
 1917-Mar-31 12:00, , ,  3.5158229, -1.4272877,
 1917-May-31 12:00, , , 78.7914121,  0.3983333,
 1917-Jul-31 12:00, , ,153.3492622,  1.4920029,
 1917-Aug-31 12:00, , ,190.8159583,  0.4939721,
 1917-Oct-31 12:00, , ,262.4608502, -2.7342218,
 1917-Dec-31 12:00, , ,321.6233867, -0.1124266,
 1918-Jan-31 12:00, , ,325.9202425,  6.5215989,
 1918-Mar-31 12:00, , ,325.7004875,  2.7125955,
 1918-May-31 12:00, , , 26.9281349, -2.1604400,
 1918-Jul-31 12:00, , , 98.0300811, -0.6420114,
 1918-Aug-31 12:00, , ,135.5917274,  0.7481782,
 1918-Oct-31 12:00, , ,211.3732735,  1.1451747,
 1918-Dec-31 12:00, , ,288.0411283, -1.0268717,
 1919-Jan-31 12:00, , ,326.9191530, -1.5227649,
 1919-Mar-31 12:00, , , 39.7782098,  0.2422619,
 1919-May-31 12:00, , ,111.2510578,  2.3898663,
 1919-Jul-31 12:00, , ,169.2056116, -2.0571867,
 1919-Aug-31 12:00, , ,175.7941175, -7.6984422,
 1919-Oct-31 12:00, , ,172.7784571, -0.7816985,
 1919-Dec-31 12:00, , ,235.4412416,  2.5375096,
 1920-Jan-31 12:00, , ,272.4229248,  1.3595848,
 1920-Mar-31 12:00, , ,345.7760351, -1.3426938,
 1920-May-31 12:00, , , 60.6086616, -0.6792703,
 1920-Jul-31 12:00, , ,135.5845514,  1.3430521,
 1920-Aug-31 12:00, , ,173.8359488,  1.2882059,
 1920-Oct-31 12:00, , ,248.9325797, -1.1119046,
 1920-Dec-31 12:00, , ,322.5907418, -1.7669528,
 1921-Jan-31 12:00, , ,357.5837999,  0.2495961,
 1921-Mar-31 12:00, , , 40.2558822,  6.8520482,
 1921-May-31 12:00, , , 29.0540899, -1.6355626,
 1921-Jul-31 12:00, , , 84.3730608, -2.3875893,
 1921-Aug-31 12:00, , ,119.4942798, -0.5807610,
 1921-Oct-31 12:00, , ,193.3310725,  1.6164496,
 1921-Dec-31 12:00, , ,269.7629980, -0.0212828,
 1922-Jan-31 12:00, , ,308.7293091, -1.1044411,
 1922-Mar-31 12:00, , , 22.3801294, -0.8735463,
 1922-May-31 12:00, , , 96.9940105,  1.4996420,
 1922-Jul-31 12:00, , ,168.8408652,  0.7877713,
 1922-Aug-31 12:00, , ,202.9484502, -1.5437906,
 1922-Oct-31 12:00, , ,249.5050249, -5.6999614,
 1922-Dec-31 12:00, , ,239.0024174,  4.1510200,
 1923-Jan-31 12:00, , ,263.8647164,  3.7854489,
 1923-Mar-31 12:00, , ,329.1570550, -0.3844499,
 1923-May-31 12:00, , , 41.8939121, -1.6175943,
 1923-Jul-31 12:00, , ,116.0728913,  0.5936274,
 1923-Aug-31 12:00, , ,154.3380944,  1.3626410,
 1923-Oct-31 12:00, , ,230.3518220,  0.1884776,
 1923-Dec-31 12:00, , ,306.4140340, -1.7170343,
 1924-Jan-31 12:00, , ,344.6187256, -1.2682311,
 1924-Mar-31 12:00, , , 54.8275353,  2.2835329,
 1924-May-31 12:00, , ,105.9225120,  2.6060817,
 1924-Jul-31 12:00, , , 92.3339271, -5.7790110,
 1924-Aug-31 12:00, , ,112.2531359, -3.3871218,
 1924-Oct-31 12:00, , ,177.4993771,  1.3967352,
 1924-Dec-31 12:00, , ,252.0156278,  1.1683181,
 1925-Jan-31 12:00, , ,290.6755724, -0.1758912,
 1925-Mar-31 12:00, , ,  4.1864451, -1.4191480,
 1925-May-31 12:00, , , 79.4588966,  0.4350910,
 1925-Jul-31 12:00, , ,153.9766512,  1.4853676,
 1925-Aug-31 12:00, , ,191.3943619,  0.4526613,
 1925-Oct-31 12:00, , ,262.8085475, -2.8002032,
 1925-Dec-31 12:00, , ,320.6452587,  0.0307804,
 1926-Jan-31 12:00, , ,322.3086726,  6.8073571,
 1926-Mar-31 12:00, , ,325.2503582,  2.5297138,
 1926-May-31 12:00, , , 27.3614249, -2.1527455,
 1926-Jul-31 12:00, , , 98.6386225, -0.5949464,
 1926-Aug-31 12:00, , ,136.2383595,  0.7788539,
 1926-Oct-31 12:00, , ,212.0464099,  1.1210459,
 1926-Dec-31 12:00, , ,288.7058664, -1.0555962,
 1927-Jan-31 12:00, , ,327.5751474, -1.5268802,
 1927-Mar-31 12:00, , , 40.3858833,  0.2898310,
 1927-May-31 12:00, , ,111.6557007,  2.4144194,
 1927-Jul-31 12:00, , ,168.4416061, -2.2489808,
 1927-Aug-31 12:00, , ,172.6389482, -7.9448724,
 1927-Oct-31 12:00, , ,172.3040194, -0.6373415,
 1927-Dec-31 12:00, , ,235.8769345,  2.4917581,
 1928-Jan-31 12:00, , ,272.9675467,  1.3012971,
 1928-Mar-31 12:00, , ,346.4082154, -1.3566386,
 1928-May-31 12:00, , , 61.2773936, -0.6450818,
 1928-Jul-31 12:00, , ,136.2584217,  1.3576763,
 1928-Aug-31 12:00, , ,174.4967437,  1.2738158,
 1928-Oct-31 12:00, , ,249.5352178, -1.1587541,
 1928-Dec-31 12:00, , ,323.0347576, -1.7520825,
 1929-Jan-31 12:00, , ,357.7869950,  0.3396491,
 1929-Mar-31 12:00, , , 38.0055110,  7.0735321,
 1929-May-31 12:00, , , 28.1847411, -1.7027420,
 1929-Jul-31 12:00, , , 84.7600078, -2.3154932,
 1929-Aug-31 12:00, , ,120.0294501, -0.5212364,
 1929-Oct-31 12:00, , ,193.9773389,  1.6099503,
 1929-Dec-31 12:00, , ,270.4334538, -0.0584887,
 1930-Jan-31 12:00, , ,309.4029947, -1.1271434,
 1930-Mar-31 12:00, , , 23.0454553, -0.8457356,
 1930-May-31 12:00, , , 97.6140900,  1.5331410,
 1930-Jul-31 12:00, , ,169.2939851,  0.7428536,
 1930-Aug-31 12:00, , ,203.1653398, -1.6496002,
 1930-Oct-31 12:00, , ,247.3332556, -5.8093658,
 1930-Dec-31 12:00, , ,237.9134860,  4.0921126,
 1931-Jan-31 12:00, , ,263.8572122,  3.6694972,
 1931-Mar-31 12:00, , ,329.6542455, -0.4343203,
 1931-May-31 12:00, , , 42.5188489, -1.5923895,
 1931-Jul-31 12:00, , ,116.7487772,  0.6255748,
 1931-Aug-31 12:00, , ,155.0242885,  1.3712005,
 1931-Oct-31 12:00, , ,231.0249459,  0.1516827,
 1931-Dec-31 12:00, , ,307.0463775, -1.7311942,
 1932-Jan-31 12:00, , ,345.2082830, -1.2451696,
 1932-Mar-31 12:00, , , 55.1582175,  2.3724534,
 1932-May-31 12:00, , ,104.4662533,  2.5644914,
 1932-Jul-31 12:00, , , 90.9537083, -5.6140908,
 1932-Aug-31 12:00, , ,112.1698735, -3.2408628,
 1932-Oct-31 12:00, , ,178.0213733,  1.4200492,
 1932-Dec-31 12:00, , ,252.6568913,  1.1268868,
 1933-Jan-31 12:00, , ,291.3361330, -0.2142182,
 1933-Mar-31 12:00, , ,  4.8655938, -1.4101341,
 1933-May-31 12:00, , , 80.1365292,  0.4716364,
 1933-Jul-31 12:00, , ,154.6134764,  1.4775936,
 1933-Aug-31 12:00, , ,191.9829969,  0.4102063,
 1933-Oct-31 12:00, , ,263.1594385, -2.8665065,
 1933-Dec-31 12:00, , ,319.5378876,  0.1864202,
 1934-Jan-31 12:00, , ,318.5399105,  7.0552487,
 1934-Mar-31 12:00, , ,324.8873097,  2.3546626,
 1934-May-31 12:00, , , 27.8153177, -2.1440727,
 1934-Jul-31 12:00, , , 99.2643486, -0.5480142,
 1934-Aug-31 12:00, , ,136.9018568,  0.8089727,
 1934-Oct-31 12:00, , ,212.7373395,  1.0962688,
 1934-Dec-31 12:00, , ,289.3917499, -1.0841262,
 1935-Jan-31 12:00, , ,328.2504076, -1.5301440,
 1935-Mar-31 12:00, , , 41.0038747,  0.3386856,
 1935-May-31 12:00, , ,112.0564897,  2.4390997,
 1935-Jul-31 12:00, , ,167.5726189, -2.4534545,
 1935-Aug-31 12:00, , ,169.3029667, -8.1622008,
 1935-Oct-31 12:00, , ,171.9261755, -0.5018093,
 1935-Dec-31 12:00, , ,236.3451466,  2.4470549,
 1936-Jan-31 12:00, , ,273.5404741,  1.2442018,
 1936-Mar-31 12:00, , ,347.0620547, -1.3698910,
 1936-May-31 12:00, , , 61.9598905, -0.6108246,
 1936-Jul-31 12:00, , ,136.9453247,  1.3720028,
 1936-Aug-31 12:00, , ,175.1705326,  1.2590431,
 1936-Oct-31 12:00, , ,250.1483384, -1.2060643,
 1936-Dec-31 12:00, , ,323.4854697, -1.7365396,
 1937-Jan-31 12:00, , ,357.9831836,  0.4334677,
 1937-Mar-31 12:00, , , 35.5529974,  7.2851587,
 1937-May-31 12:00, , , 27.4464073, -1.7613511,
 1937-Jul-31 12:00, , , 85.1706448, -2.2444088,
 1937-Aug-31 12:00, , ,120.5805197, -0.4632449,
 1937-Oct-31 12:00, , ,194.6379579,  1.6025255,
 1937-Dec-31 12:00, , ,271.1163500, -0.0953423,
 1938-Jan-31 12:00, , ,310.0893121, -1.1491156,
 1938-Mar-31 12:00, , , 23.7260722, -0.8172542,
 1938-May-31 12:00, , , 98.2427987,  1.5660370,
 1938-Jul-31 12:00, , ,169.7398598,  0.6959899,
 1938-Aug-31 12:00, , ,203.3572993, -1.7590132,
 1938-Oct-31 12:00, , ,244.9265429, -5.9058628,
 1938-Dec-31 12:00, , ,236.9714006,  4.0311803,
 1939-Jan-31 12:00, , ,263.9001501,  3.5564215,
 1939-Mar-31 12:00, , ,330.1683812, -0.4831770,
 1939-May-31 12:00, , , 43.1560086, -1.5665754,
 1939-Jul-31 12:00, , ,117.4293264,  0.6573240,
 1939-Aug-31 12:00, , ,155.7112446,  1.3790653,
 1939-Oct-31 12:00, , ,231.6975180,  0.1141411,
 1939-Dec-31 12:00, , ,307.6771567, -1.7447518,
 1940-Jan-31 12:00, , ,345.7940238, -1.2205318,
 1940-Mar-31 12:00, , , 55.4727870,  2.4644493,
 1940-May-31 12:00, , ,102.8486709,  2.5120931,
 1940-Jul-31 12:00, , , 89.7386427, -5.4528464,
 1940-Aug-31 12:00, , ,112.1355919, -3.1006755,
 1940-Oct-31 12:00, , ,178.5429163,  1.4424214,
 1940-Dec-31 12:00, , ,253.2933547,  1.0857436,
 1941-Jan-31 12:00, , ,291.9928166, -0.2522365,
 1941-Mar-31 12:00, , ,  5.5392279, -1.4008646,
 1941-May-31 12:00, , , 80.8091819,  0.5080972,
 1941-Jul-31 12:00, , ,155.2430314,  1.4692118,
 1941-Aug-31 12:00, , ,192.5581512,  0.3667425,
 1941-Oct-31 12:00, , ,263.4739443, -2.9349694,
 1941-Dec-31 12:00, , ,318.2520554,  0.3533695,
 1942-Jan-31 12:00, , ,314.6376896,  7.2606121,
 1942-Mar-31 12:00, , ,324.5860951,  2.1899737,
 1942-May-31 12:00, , , 28.2702166, -2.1344220,
 1942-Jul-31 12:00, , , 99.8841121, -0.5021279,
 1942-Aug-31 12:00, , ,137.5578168,  0.8378675,
 1942-Oct-31 12:00, , ,213.4132224,  1.0709929,
 1942-Dec-31 12:00, , ,290.0571259, -1.1119656,
 1943-Jan-31 12:00, , ,328.9057505, -1.5325638,
 1943-Mar-31 12:00, , , 41.6019047,  0.3880896,
 1943-May-31 12:00, , ,112.4281147,  2.4628666,
 1943-Jul-31 12:00, , ,166.5750047, -2.6684450,
 1943-Aug-31 12:00, , ,165.8218132, -8.3362874,
 1943-Oct-31 12:00, , ,171.6174393, -0.3742925,
 1943-Dec-31 12:00, , ,236.8043062,  2.4016709,
 1944-Jan-31 12:00, , ,274.0948973,  1.1873419,
 1944-Mar-31 12:00, , ,347.6956147, -1.3821956,
 1944-May-31 12:00, , , 62.6251472, -0.5760313,
 1944-Jul-31 12:00, , ,137.6144288,  1.3856798,
 1944-Aug-31 12:00, , ,175.8275398,  1.2432421,
 1944-Oct-31 12:00, , ,250.7432315, -1.2537451,
 1944-Dec-31 12:00, , ,323.9000830, -1.7186374,
 1945-Jan-31 12:00, , ,358.1192117,  0.5329738,
 1945-Mar-31 12:00, , , 32.8318628,  7.4835155,
 1945-May-31 12:00, , , 26.7873164, -1.8155455,
 1945-Jul-31 12:00, , , 85.5783802, -2.1750009,
 1945-Aug-31 12:00, , ,121.1228337, -0.4061976,
 1945-Oct-31 12:00, , ,195.2869109,  1.5949504,
 1945-Dec-31 12:00, , ,271.7857804, -0.1319790,
 1946-Jan-31 12:00, , ,310.7587549, -1.1707016,
 1946-Mar-31 12:00, , , 24.3845201, -0.7883571,
 1946-May-31 12:00, , , 98.8494194,  1.5990469,
 1946-Jul-31 12:00, , ,170.1575514,  0.6474261,
 1946-Aug-31 12:00, , ,203.5060211, -1.8729766,
 1946-Oct-31 12:00, , ,242.2790989, -5.9880229,
 1946-Dec-31 12:00, , ,236.1587611,  3.9703556,
 1947-Jan-31 12:00, , ,263.9793172,  3.4482699,
 1947-Mar-31 12:00, , ,330.6774353, -0.5296323,
 1947-May-31 12:00, , , 43.7789790, -1.5404622,
 1947-Jul-31 12:00, , ,118.0991844,  0.6882005,
 1947-Aug-31 12:00, , ,156.3886825,  1.3860077,
 1947-Oct-31 12:00, , ,232.3606665,  0.0765588,
 1947-Dec-31 12:00, , ,308.3025202, -1.7574115,
 1948-Jan-31 12:00, , ,346.3731521, -1.1947164,
 1948-Mar-31 12:00, , , 55.7574685,  2.5584180,
 1948-May-31 12:00, , ,101.0227146,  2.4500685,
 1948-Jul-31 12:00, , , 88.6508711, -5.2928380,
 1948-Aug-31 12:00, , ,112.1371374, -2.9654298,
 1948-Oct-31 12:00, , ,179.0707799,  1.4629485,
 1948-Dec-31 12:00, , ,253.9318821,  1.0443459,
 1949-Jan-31 12:00, , ,292.6518820, -0.2897452,
 1949-Mar-31 12:00, , ,  6.2162402, -1.3905757,
 1949-May-31 12:00, , , 81.4797124,  0.5448354,
 1949-Jul-31 12:00, , ,155.8679749,  1.4597990,
 1949-Aug-31 12:00, , ,193.1283946,  0.3217362,
 1949-Oct-31 12:00, , ,263.7712927, -3.0046846,
 1949-Dec-31 12:00, , ,316.7984195,  0.5348387,
 1950-Jan-31 12:00, , ,310.6920959,  7.4165766,
 1950-Mar-31 12:00, , ,324.3649278,  2.0330761,
 1950-May-31 12:00, , , 28.7463897, -2.1243019,
 1950-Jul-31 12:00, , ,100.5118939, -0.4563949,
 1950-Aug-31 12:00, , ,138.2199061,  0.8664781,
 1950-Oct-31 12:00, , ,214.0987567,  1.0454023,
 1950-Dec-31 12:00, , ,290.7331769, -1.1397502,
 1951-Jan-31 12:00, , ,329.5712805, -1.5346338,
 1951-Mar-31 12:00, , , 42.2104734,  0.4381849,
 1951-May-31 12:00, , ,112.7965175,  2.4864265,
 1951-Jul-31 12:00, , ,165.4420856, -2.8956160,
 1951-Aug-31 12:00, , ,162.2165997, -8.4642979,
 1951-Oct-31 12:00, , ,171.3828739, -0.2550022,
 1951-Dec-31 12:00, , ,237.2887221,  2.3570433,
 1952-Jan-31 12:00, , ,274.6715238,  1.1317223,
 1952-Mar-31 12:00, , ,348.3475531, -1.3936715,
 1952-May-31 12:00, , , 63.3084449, -0.5414603,
 1952-Jul-31 12:00, , ,138.2985933,  1.3984475,
 1952-Aug-31 12:00, , ,176.4961257,  1.2266699,
 1952-Oct-31 12:00, , ,251.3471101, -1.3016303,
 1952-Dec-31 12:00, , ,324.3184232, -1.6994075,
 1953-Jan-31 12:00, , ,358.2399846,  0.6367718,
 1953-Mar-31 12:00, , , 29.9056972,  7.6587712,
 1953-May-31 12:00, , , 26.2453033, -1.8639873,
 1953-Jul-31 12:00, , , 86.0195103, -2.1066351,
 1953-Aug-31 12:00, , ,121.6900070, -0.3505304,
 1953-Oct-31 12:00, , ,195.9507219,  1.5861919,
 1953-Dec-31 12:00, , ,272.4699113, -0.1685369,
 1954-Jan-31 12:00, , ,311.4455014, -1.1916283,
 1954-Mar-31 12:00, , , 25.0606614, -0.7585800,
 1954-May-31 12:00, , , 99.4708712,  1.6318577,
 1954-Jul-31 12:00, , ,170.5812410,  0.5963246,
 1954-Aug-31 12:00, , ,203.6395588, -1.9918712,
 1954-Oct-31 12:00, , ,239.3855738, -6.0482955,
 1954-Dec-31 12:00, , ,235.4655848,  3.9089685,
 1955-Jan-31 12:00, , ,264.1024987,  3.3432531,
 1955-Mar-31 12:00, , ,331.2092228, -0.5749170,
 1955-May-31 12:00, , , 44.4218009, -1.5140841,
 1955-Jul-31 12:00, , ,118.7850589,  0.7188213,
 1955-Aug-31 12:00, , ,157.0818382,  1.3925640,
 1955-Oct-31 12:00, , ,233.0367318,  0.0386377,
 1955-Dec-31 12:00, , ,308.9330781, -1.7698248,
 1956-Jan-31 12:00, , ,346.9547893, -1.1679847,
 1956-Mar-31 12:00, , , 56.0305976,  2.6554756,
 1956-May-31 12:00, , , 99.0169662,  2.3773157,
 1956-Jul-31 12:00, , , 87.7106897, -5.1370971,
 1956-Aug-31 12:00, , ,112.1938270, -2.8358848,
 1956-Oct-31 12:00, , ,179.6184220,  1.4823019,
 1956-Dec-31 12:00, , ,254.5806397,  1.0034268,
 1957-Jan-31 12:00, , ,293.3170008, -0.3264843,
 1957-Mar-31 12:00, , ,  6.8970818, -1.3797500,
 1957-May-31 12:00, , , 82.1560583,  0.5811643,
 1957-Jul-31 12:00, , ,156.4954188,  1.4494535,
 1957-Aug-31 12:00, , ,193.6992542,  0.2758660,
 1957-Oct-31 12:00, , ,264.0556047, -3.0750165,
 1957-Dec-31 12:00, , ,315.1614368,  0.7301609,
 1958-Jan-31 12:00, , ,306.7612080,  7.5158356,
 1958-Mar-31 12:00, , ,324.2017394,  1.8835174,
 1958-May-31 12:00, , , 29.2295298, -2.1132397,
 1958-Jul-31 12:00, , ,101.1437351, -0.4111483,
 1958-Aug-31 12:00, , ,138.8845236,  0.8941749,
 1958-Oct-31 12:00, , ,214.7835815,  1.0191434,
 1958-Dec-31 12:00, , ,291.4098923, -1.1670065,
 1959-Jan-31 12:00, , ,330.2356199, -1.5355540,
 1959-Mar-31 12:00, , , 42.8089715,  0.4895663,
 1959-May-31 12:00, , ,113.1403596,  2.5094944,
 1959-Jul-31 12:00, , ,164.1597083, -3.1362597,
 1959-Aug-31 12:00, , ,158.5483374, -8.5412930,
 1959-Oct-31 12:00, , ,171.2072936, -0.1424211,
 1959-Dec-31 12:00, , ,237.7780950,  2.3129269,
 1960-Jan-31 12:00, , ,275.2489069,  1.0768262,
 1960-Mar-31 12:00, , ,348.9952664, -1.4045070,
 1960-May-31 12:00, , , 63.9810283, -0.5066274,
 1960-Jul-31 12:00, , ,138.9722989,  1.4109517,
 1960-Aug-31 12:00, , ,177.1542157,  1.2095068,
 1960-Oct-31 12:00, , ,251.9357062, -1.3502043,
 1960-Dec-31 12:00, , ,324.7117229, -1.6789837,
 1961-Jan-31 12:00, , ,358.3157549,  0.7458146,
 1961-Mar-31 12:00, , , 26.7612344,  7.8059112,
 1961-May-31 12:00, , , 25.7815172, -1.9067282,
 1961-Jul-31 12:00, , , 86.4575105, -2.0397488,
 1961-Aug-31 12:00, , ,122.2480062, -0.2963303,
 1961-Oct-31 12:00, , ,196.6039725,  1.5768452,
 1961-Dec-31 12:00, , ,273.1399893, -0.2046907,
 1962-Jan-31 12:00, , ,312.1169896, -1.2119170,
 1962-Mar-31 12:00, , , 25.7231599, -0.7283796,
 1962-May-31 12:00, , ,100.0747204,  1.6640918,
 1962-Jul-31 12:00, , ,170.9736256,  0.5432986,
 1962-Aug-31 12:00, , ,203.7217490, -2.1149666,
 1962-Oct-31 12:00, , ,236.2462653, -6.0812743,
 1962-Dec-31 12:00, , ,234.8676144,  3.8467263,
 1963-Jan-31 12:00, , ,264.2461465,  3.2406864,
 1963-Mar-31 12:00, , ,331.7320573, -0.6187947,
 1963-May-31 12:00, , , 45.0518816, -1.4870636,
 1963-Jul-31 12:00, , ,119.4545937,  0.7489277,
 1963-Aug-31 12:00, , ,157.7565200,  1.3981566,
 1963-Oct-31 12:00, , ,233.6949763,  0.0000895,
 1963-Dec-31 12:00, , ,309.5442940, -1.7812488,
 1964-Jan-31 12:00, , ,347.5132292, -1.1394945,
 1964-Mar-31 12:00, , , 56.2607643,  2.7556740,
 1964-May-31 12:00, , , 96.7897004,  2.2894976,
 1964-Jul-31 12:00, , , 86.8792842, -4.9864687,
 1964-Aug-31 12:00, , ,112.2742369, -2.7110823,
 1964-Oct-31 12:00, , ,180.1547533,  1.5006241,
 1964-Dec-31 12:00, , ,255.2161923,  0.9624549,
 1965-Jan-31 12:00, , ,293.9701336, -0.3630418,
 1965-Mar-31 12:00, , ,  7.5639216, -1.3684605,
 1965-May-31 12:00, , , 82.8176838,  0.6176900,
 1965-Jul-31 12:00, , ,157.1085046,  1.4383980,
 1965-Aug-31 12:00, , ,194.2517153,  0.2285179,
 1965-Oct-31 12:00, , ,264.2976834, -3.1481431,
 1965-Dec-31 12:00, , ,313.2948439,  0.9394751,
 1966-Jan-31 12:00, , ,302.8755786,  7.5616599,
 1966-Mar-31 12:00, , ,324.0832918,  1.7421980,
 1966-May-31 12:00, , , 29.7120521, -2.1013607,
 1966-Jul-31 12:00, , ,101.7695684, -0.3667919,
 1966-Aug-31 12:00, , ,139.5435828,  0.9209261,
 1966-Oct-31 12:00, , ,215.4605166,  0.9925966,
 1966-Dec-31 12:00, , ,292.0751212, -1.1937549,
 1967-Jan-31 12:00, , ,330.8894143, -1.5359587,
 1967-Mar-31 12:00, , , 43.3969048,  0.5412893,
 1967-May-31 12:00, , ,113.4594105,  2.5320429,
 1967-Jul-31 12:00, , ,162.7127190, -3.3878785,
 1967-Aug-31 12:00, , ,154.8620449, -8.5615043,
 1967-Oct-31 12:00, , ,171.0918401, -0.0367146,
 1967-Dec-31 12:00, , ,238.2744877,  2.2682575,
 1968-Jan-31 12:00, , ,275.8262536,  1.0223917,
 1968-Mar-31 12:00, , ,349.6417246, -1.4142610,
 1968-May-31 12:00, , , 64.6548057, -0.4714141,
 1968-Jul-31 12:00, , ,139.6457480,  1.4225830,
 1968-Aug-31 12:00, , ,177.8134017,  1.1912857,
 1968-Oct-31 12:00, , ,252.5271332, -1.3989074,
 1968-Dec-31 12:00, , ,325.0912264, -1.6558512,
 1969-Jan-31 12:00, , ,358.3475927,  0.8613036,
 1969-Mar-31 12:00, , , 23.3997700,  7.9165386,
 1969-May-31 12:00, , , 25.3969257, -1.9462246,
 1969-Jul-31 12:00, , , 86.9137707, -1.9736547,
 1969-Aug-31 12:00, , ,122.8192414, -0.2426805,
 1969-Oct-31 12:00, , ,197.2690765,  1.5671625,
 1969-Dec-31 12:00, , ,273.8240990, -0.2408211,
 1970-Jan-31 12:00, , ,312.8008003, -1.2318599,
 1970-Mar-31 12:00, , , 26.3934676, -0.6975594,
 1970-May-31 12:00, , ,100.6848598,  1.6965873,
 1970-Jul-31 12:00, , ,171.3610476,  0.4879305,
 1970-Aug-31 12:00, , ,203.7760913, -2.2442152,
 1970-Oct-31 12:00, , ,232.8944887, -6.0850037,
 1970-Dec-31 12:00, , ,234.3857081,  3.7866437,
 1971-Jan-31 12:00, , ,264.4433220,  3.1427383,
 1971-Mar-31 12:00, , ,332.2797517, -0.6607910,
 1971-May-31 12:00, , , 45.6979401, -1.4600303,
 1971-Jul-31 12:00, , ,120.1411564,  0.7783016,
 1971-Aug-31 12:00, , ,158.4480966,  1.4030659,
 1971-Oct-31 12:00, , ,234.3676786, -0.0384298,
 1971-Dec-31 12:00, , ,310.1736212, -1.7921506,
 1972-Jan-31 12:00, , ,348.0900117, -1.1100851,
 1972-Mar-31 12:00, , , 56.4862585,  2.8584099,
 1972-May-31 12:00, , , 94.3636676,  2.1887142,
 1972-Jul-31 12:00, , , 86.1741775, -4.8387186,
 1972-Aug-31 12:00, , ,112.4072686, -2.5906338,
 1972-Oct-31 12:00, , ,180.7172954,  1.5171028,
 1972-Dec-31 12:00, , ,255.8726016,  0.9214464,
 1973-Jan-31 12:00, , ,294.6444195, -0.3989064,
 1973-Mar-31 12:00, , ,  8.2547078, -1.3561957,
 1973-May-31 12:00, , , 83.4994130,  0.6541728,
 1973-Jul-31 12:00, , ,157.7363075,  1.4260641,
 1973-Aug-31 12:00, , ,194.8160136,  0.1797073,
 1973-Oct-31 12:00, , ,264.5308380, -3.2220643,
 1973-Dec-31 12:00, , ,311.2194276,  1.1650003,
 1974-Jan-31 12:00, , ,299.1322666,  7.5549938,
 1974-Mar-31 12:00, , ,324.0369520,  1.6066760,
 1974-May-31 12:00, , , 30.2254306, -2.0891299,
 1974-Jul-31 12:00, , ,102.4149299, -0.3224717,
 1974-Aug-31 12:00, , ,140.2187760,  0.9473557,
 1974-Oct-31 12:00, , ,216.1527131,  0.9654918,
 1974-Dec-31 12:00, , ,292.7536193, -1.2204319,
 1975-Jan-31 12:00, , ,331.5548430, -1.5357318,
 1975-Mar-31 12:00, , , 43.9961268,  0.5942095,
 1975-May-31 12:00, , ,113.7768998,  2.5541772,
 1975-Jul-31 12:00, , ,161.1085839, -3.6520209,
 1975-Aug-31 12:00, , ,151.2306414, -8.5279407,
 1975-Oct-31 12:00, , ,171.0372474,  0.0628142,
 1975-Dec-31 12:00, , ,238.7886968,  2.2244997,
 1976-Jan-31 12:00, , ,276.4173769,  0.9690690,
 1976-Mar-31 12:00, , ,350.2969558, -1.4234379,
 1976-May-31 12:00, , , 65.3374407, -0.4364765,
 1976-Jul-31 12:00, , ,140.3269359,  1.4335570,
 1976-Aug-31 12:00, , ,178.4762089,  1.1724771,
 1976-Oct-31 12:00, , ,253.1142537, -1.4479983,
 1976-Dec-31 12:00, , ,325.4542948, -1.6315623,
 1977-Jan-31 12:00, , ,358.3355989,  0.9821658,
 1977-Mar-31 12:00, , , 19.8685230,  7.9843334,
 1977-May-31 12:00, , , 25.0863959, -1.9808215,
 1977-Jul-31 12:00, , , 87.3842924, -1.9089298,
 1977-Aug-31 12:00, , ,123.3989203, -0.1906953,
 1977-Oct-31 12:00, , ,197.9322251,  1.5563036,
 1977-Dec-31 12:00, , ,274.5009070, -0.2766104,
 1978-Jan-31 12:00, , ,313.4781215, -1.2509343,
 1978-Mar-31 12:00, , , 27.0561065, -0.6658605,
 1978-May-31 12:00, , ,101.2842705,  1.7286431,
 1978-Jul-31 12:00, , ,171.7300510,  0.4298357,
 1978-Aug-31 12:00, , ,203.7878081, -2.3786698,
 1978-Oct-31 12:00, , ,229.3357844, -6.0488445,
 1978-Dec-31 12:00, , ,233.9742607,  3.7257692,
 1979-Jan-31 12:00, , ,264.6508963,  3.0463971,
 1979-Mar-31 12:00, , ,332.8180619, -0.7017431,
 1979-May-31 12:00, , , 46.3325594, -1.4323796,
 1979-Jul-31 12:00, , ,120.8145605,  0.8075458,
 1979-Aug-31 12:00, , ,159.1274641,  1.4075036,
 1979-Oct-31 12:00, , ,235.0277462, -0.0775254,
 1979-Dec-31 12:00, , ,310.7809193, -1.8025053,
 1980-Jan-31 12:00, , ,348.6391928, -1.0792081,
 1980-Mar-31 12:00, , , 56.6599605,  2.9651599,
 1980-May-31 12:00, , , 91.6948598,  2.0725297,
 1980-Jul-31 12:00, , , 85.5480729, -4.6963109,
 1980-Aug-31 12:00, , ,112.5542470, -2.4747609,
 1980-Oct-31 12:00, , ,181.2717020,  1.5329648,
 1980-Dec-31 12:00, , ,256.5146108,  0.8808758,
 1981-Jan-31 12:00, , ,295.2995381, -0.4341980,
 1981-Mar-31 12:00, , ,  8.9210876, -1.3435305,
 1981-May-31 12:00, , , 84.1570721,  0.6904260,
 1981-Jul-31 12:00, , ,158.3374917,  1.4131228,
 1981-Aug-31 12:00, , ,195.3528735,  0.1299840,
 1981-Oct-31 12:00, , ,264.7231416, -3.2977228,
 1981-Dec-31 12:00, , ,308.8991886,  1.4040725,
 1982-Jan-31 12:00, , ,295.5580568,  7.4990158,
 1982-Mar-31 12:00, , ,324.0160257,  1.4778579,
 1982-May-31 12:00, , , 30.7218744, -2.0757410,
 1982-Jul-31 12:00, , ,103.0412318, -0.2788229,
 1982-Aug-31 12:00, , ,140.8747485,  0.9727355,
 1982-Oct-31 12:00, , ,216.8259904,  0.9379078,
 1982-Dec-31 12:00, , ,293.4183063, -1.2463806,
 1983-Jan-31 12:00, , ,332.2063312, -1.5343552,
 1983-Mar-31 12:00, , , 44.5722007,  0.6481514,
 1983-May-31 12:00, , ,114.0485709,  2.5755529,
 1983-Jul-31 12:00, , ,159.2891381, -3.9283053,
 1983-Aug-31 12:00, , ,147.6522730, -8.4417484,
 1983-Oct-31 12:00, , ,171.0121315,  0.1570992,
 1983-Dec-31 12:00, , ,239.2986771,  2.1807674,
 1984-Jan-31 12:00, , ,277.0029587,  0.9161959,
 1984-Mar-31 12:00, , ,350.9452444, -1.4318486,
 1984-May-31 12:00, , , 66.0066015, -0.4010580,
 1984-Jul-31 12:00, , ,140.9926853,  1.4441021,
 1984-Aug-31 12:00, , ,179.1238422,  1.1527874,
 1984-Oct-31 12:00, , ,253.6847811, -1.4979246,
 1984-Dec-31 12:00, , ,325.7929025, -1.6053622,
 1985-Jan-31 12:00, , ,358.2742290,  1.1101036,
 1985-Mar-31 12:00, , , 16.2239851,  8.0036916,
 1985-May-31 12:00, , , 24.8438173, -2.0118589,
 1985-Jul-31 12:00, , , 87.8566789, -1.8453076,
 1985-Aug-31 12:00, , ,123.9743738, -0.1397193,
 1985-Oct-31 12:00, , ,198.5916578,  1.5451263,
 1985-Dec-31 12:00, , ,275.1754174, -0.3121242,
 1986-Jan-31 12:00, , ,314.1537328, -1.2696552,
 1986-Mar-31 12:00, , , 27.7210136, -0.6339186,
 1986-May-31 12:00, , ,101.8825032,  1.7602903,
 1986-Jul-31 12:00, , ,172.0784402,  0.3696657,
 1986-Aug-31 12:00, , ,203.7495546, -2.5186720,
 1986-Oct-31 12:00, , ,225.6087172, -5.9732571,
 1986-Dec-31 12:00, , ,233.6443845,  3.6654249,
 1987-Jan-31 12:00, , ,264.8903153,  2.9530414,
 1987-Mar-31 12:00, , ,333.3700842, -0.7411558,
 1987-May-31 12:00, , , 46.9797167, -1.4044161,
 1987-Jul-31 12:00, , ,121.4966052,  0.8359592,
 1987-Aug-31 12:00, , ,159.8119278,  1.4108729,
 1987-Oct-31 12:00, , ,235.6918073, -0.1169351,
 1987-Dec-31 12:00, , ,311.3938554, -1.8117955,
 1988-Jan-31 12:00, , ,349.1921152, -1.0466788,
 1988-Mar-31 12:00, , , 56.8170968,  3.0750009,
 1988-May-31 12:00, , , 88.8477540,  1.9379415,
 1988-Jul-31 12:00, , , 85.0396598, -4.5588546,
 1988-Aug-31 12:00, , ,112.7504121, -2.3626585,
 1988-Oct-31 12:00, , ,181.8417443,  1.5474798,
 1988-Dec-31 12:00, , ,257.1692207,  0.8401735,
 1989-Jan-31 12:00, , ,295.9698472, -0.4691916,
 1989-Mar-31 12:00, , ,  9.6039700, -1.3302249,
 1989-May-31 12:00, , , 84.8321036,  0.7268698,
 1989-Jul-31 12:00, , ,158.9563779,  1.3990591,
 1989-Aug-31 12:00, , ,195.9021063,  0.0784221,
 1989-Oct-31 12:00, , ,264.8947358, -3.3759916,
 1989-Dec-31 12:00, , ,306.3312236,  1.6573997,
 1990-Jan-31 12:00, , ,292.1968300,  7.4041293,
 1990-Mar-31 12:00, , ,324.0550247,  1.3555906,
 1990-May-31 12:00, , , 31.2465085, -2.0620917,
 1990-Jul-31 12:00, , ,103.6912498, -0.2359125,
 1990-Aug-31 12:00, , ,141.5540685,  0.9974168,
 1990-Oct-31 12:00, , ,217.5180126,  0.9100875,
 1990-Dec-31 12:00, , ,294.0947636, -1.2720360,
 1991-Jan-31 12:00, , ,332.8692384, -1.5326259,
 1991-Mar-31 12:00, , , 45.1596389,  0.7025417,
 1991-May-31 12:00, , ,114.3172472,  2.5966489,
 1991-Jul-31 12:00, , ,157.3069184, -4.2120951,
 1991-Aug-31 12:00, , ,144.2499629, -8.3082205,
 1991-Oct-31 12:00, , ,171.0592307,  0.2453470,
 1991-Dec-31 12:00, , ,239.8332499,  2.1368647,
 1992-Jan-31 12:00, , ,277.6047389,  0.8641053,
 1992-Mar-31 12:00, , ,351.6064479, -1.4392070,
 1992-May-31 12:00, , , 66.6917082, -0.3655999,
 1992-Jul-31 12:00, , ,141.6737848,  1.4536900,
 1992-Aug-31 12:00, , ,179.7878099,  1.1322224,
 1992-Oct-31 12:00, , ,254.2706934, -1.5476093,
 1992-Dec-31 12:00, , ,326.1235085, -1.5763230,
 1993-Jan-31 12:00, , ,358.1636280,  1.2450765,
 1993-Mar-31 12:00, , , 12.4829667,  7.9684871,
 1993-May-31 12:00, , , 24.6661201, -2.0400337,
 1993-Jul-31 12:00, , , 88.3508209, -1.7823104,
 1993-Aug-31 12:00, , ,124.5679745, -0.0894053,
 1993-Oct-31 12:00, , ,199.2665168,  1.5333085,
 1993-Dec-31 12:00, , ,275.8641683, -0.3476163,
 1994-Jan-31 12:00, , ,314.8404719, -1.2877855,
 1994-Mar-31 12:00, , , 28.3891516, -0.6010369,
 1994-May-31 12:00, , ,102.4808648,  1.7921493,
 1994-Jul-31 12:00, , ,172.4161483,  0.3064024,
 1994-Aug-31 12:00, , ,203.6725673, -2.6660690,
 1994-Oct-31 12:00, , ,221.7907456, -5.8558626,
 1994-Dec-31 12:00, , ,233.4018003,  3.6075022,
 1995-Jan-31 12:00, , ,265.1679447,  2.8631137,
 1995-Mar-31 12:00, , ,333.9332908, -0.7791602,
 1995-May-31 12:00, , , 47.6265884, -1.3763733,
 1995-Jul-31 12:00, , ,122.1788778,  0.8639378,
 1995-Aug-31 12:00, , ,160.4976180,  1.4138415,
 1995-Oct-31 12:00, , ,236.3550513, -0.1564874,
 1995-Dec-31 12:00, , ,312.0058101, -1.8208169,
 1996-Jan-31 12:00, , ,349.7415502, -1.0132474,
 1996-Mar-31 12:00, , , 56.9370110,  3.1883367,
 1996-May-31 12:00, , , 85.7756800,  1.7888338,
 1996-Jul-31 12:00, , , 84.6003700, -4.4248933,
 1996-Aug-31 12:00, , ,112.9641573, -2.2546915,
 1996-Oct-31 12:00, , ,182.4130522,  1.5604023,
 1996-Dec-31 12:00, , ,257.8210580,  0.7996158,
 1997-Jan-31 12:00, , ,296.6363438, -0.5034345,
 1997-Mar-31 12:00, , , 10.2828848, -1.3160496,
 1997-May-31 12:00, , , 85.4970404,  0.7630237,
 1997-Jul-31 12:00, , ,159.5584547,  1.3838791,
 1997-Aug-31 12:00, , ,196.4321360,  0.0256065,
 1997-Oct-31 12:00, , ,265.0244854, -3.4553464,
 1997-Dec-31 12:00, , ,303.4993439,  1.9223185,
 1998-Jan-31 12:00, , ,289.0622143,  7.2735152,
 1998-Mar-31 12:00, , ,324.1245984,  1.2376918,
 1998-May-31 12:00, , , 31.7681371, -2.0475948,
 1998-Jul-31 12:00, , ,104.3272631, -0.1930012,
 1998-Aug-31 12:00, , ,142.2161818,  1.0216091,
 1998-Oct-31 12:00, , ,218.1943738,  0.8815313,
 1998-Dec-31 12:00, , ,294.7559732, -1.2974399,
 1999-Jan-31 12:00, , ,333.5150639, -1.5299490,
 1999-Mar-31 12:00, , , 45.7274918,  0.7583569,
 1999-May-31 12:00, , ,114.5468868,  2.6169082,
 1999-Jul-31 12:00, , ,155.0901825, -4.5058204,
 1999-Aug-31 12:00, , ,140.9816224, -8.1348861,
 1999-Oct-31 12:00, , ,171.1219396,  0.3293249,
 1999-Dec-31 12:00, , ,240.3573149,  2.0937919,
 2000-Jan-31 12:00, , ,278.1948861,  0.8128085,
 2000-Mar-31 12:00, , ,352.2525234, -1.4461709,
 2000-May-31 12:00, , , 67.3605911, -0.3302533,
 2000-Jul-31 12:00, , ,142.3370518,  1.4628251,
 2000-Aug-31 12:00, , ,180.4300672,  1.1110405,
 2000-Oct-31 12:00, , ,254.8280794, -1.5982498,
 2000-Dec-31 12:00, , ,326.4137946, -1.5460499,
 2001-Jan-31 12:00, , ,357.9777332,  1.3873799,
 2001-Mar-31 12:00, , ,  8.6975618,  7.8811835,
 2001-May-31 12:00, , , 24.5286758, -2.0642809,
 2001-Jul-31 12:00, , , 88.8393309, -1.7207722,
 2001-Aug-31 12:00, , ,125.1510677, -0.0407980,
 2001-Oct-31 12:00, , ,199.9229891,  1.5205726,
 2001-Dec-31 12:00, , ,276.5321607, -0.3825616,
 2002-Jan-31 12:00, , ,315.5090460, -1.3050908,
 2002-Mar-31 12:00, , , 29.0413326, -0.5676034,
 2002-May-31 12:00, , ,103.0605076,  1.8233174,
 2002-Jul-31 12:00, , ,172.7229931,  0.2403828,
 2002-Aug-31 12:00, , ,203.5315609, -2.8193188,
 2002-Oct-31 12:00, , ,217.8929639, -5.6930177,
 2002-Dec-31 12:00, , ,233.2031599,  3.5487420,
 2003-Jan-31 12:00, , ,265.4476047,  2.7744859,
 2003-Mar-31 12:00, , ,334.4874423, -0.8160244,
 2003-May-31 12:00, , , 48.2658331, -1.3476271,
 2003-Jul-31 12:00, , ,122.8521222,  0.8915742,
 2003-Aug-31 12:00, , ,161.1748078,  1.4160102,
 2003-Oct-31 12:00, , ,237.0097196, -0.1966455,
 2003-Dec-31 12:00, , ,312.6017159, -1.8288783,
 2004-Jan-31 12:00, , ,350.2702965, -0.9778364,
 2004-Mar-31 12:00, , , 57.0103513,  3.3064245,
 2004-May-31 12:00, , , 82.5209632,  1.6215319,
 2004-Jul-31 12:00, , , 84.2369911, -4.2962830,
 2004-Aug-31 12:00, , ,113.2032663, -2.1500940,
 2004-Oct-31 12:00, , ,182.9905503,  1.5729509,
 2004-Dec-31 12:00, , ,258.4745209,  0.7593433,
 2005-Jan-31 12:00, , ,297.3014353, -0.5373054,
 2005-Mar-31 12:00, , , 10.9578226, -1.3015681,
 2005-May-31 12:00, , , 86.1617118,  0.7991940,
 2005-Jul-31 12:00, , ,160.1590923,  1.3680178,
 2005-Aug-31 12:00, , ,196.9583139, -0.0285040,
 2005-Oct-31 12:00, , ,265.1283001, -3.5371710,
 2005-Dec-31 12:00, , ,300.4285221,  2.1960929,
 2006-Jan-31 12:00, , ,286.1913343,  7.1179948,
 2006-Mar-31 12:00, , ,324.2354329,  1.1259795,
 2006-May-31 12:00, , , 32.3000198, -2.0324338,
 2006-Jul-31 12:00, , ,104.9746462, -0.1509957,
 2006-Aug-31 12:00, , ,142.8901580,  1.0447368,
 2006-Oct-31 12:00, , ,218.8806226,  0.8526680,
 2006-Dec-31 12:00, , ,295.4304954, -1.3220774,
 2007-Jan-31 12:00, , ,334.1747160, -1.5263155,
 2007-Mar-31 12:00, , , 46.3019924,  0.8149703,
 2007-May-31 12:00, , ,114.7594077,  2.6363777,
 2007-Jul-31 12:00, , ,152.6765397, -4.8031024,
 2007-Aug-31 12:00, , ,137.9278930, -7.9276971,
 2007-Oct-31 12:00, , ,171.2404089,  0.4084786,
 2007-Dec-31 12:00, , ,240.9059621,  2.0503019,
 2008-Jan-31 12:00, , ,278.8072346,  0.7618886,
 2008-Mar-31 12:00, , ,352.9200299, -1.4521638,
 2008-May-31 12:00, , , 68.0464071, -0.2944104,
 2008-Jul-31 12:00, , ,143.0165129,  1.4712671,
 2008-Aug-31 12:00, , ,181.0891132,  1.0887650,
 2008-Oct-31 12:00, , ,255.3984330, -1.6493601,
 2008-Dec-31 12:00, , ,326.7003641, -1.5129984,
 2009-Jan-31 12:00, , ,357.7504656,  1.5384546,
 2009-Mar-31 12:00, , ,  4.9751399,  7.7412474,
 2009-May-31 12:00, , , 24.4676140, -2.0864859,
 2009-Jul-31 12:00, , , 89.3550018, -1.6599481,
 2009-Aug-31 12:00, , ,125.7566593,  0.0072602,
 2009-Oct-31 12:00, , ,200.6022983,  1.5075136,
 2009-Dec-31 12:00, , ,277.2208112, -0.4175132,
 2010-Jan-31 12:00, , ,316.1964329, -1.3221805,
 2010-Mar-31 12:00, , , 29.7134049, -0.5337546,
 2010-May-31 12:00, , ,103.6566329,  1.8544507,
 2010-Jul-31 12:00, , ,173.0256260,  0.1717079,
 2010-Aug-31 12:00, , ,203.3491176, -2.9799033,
 2010-Oct-31 12:00, , ,214.0188224, -5.4912922,
 2010-Dec-31 12:00, , ,233.0852598,  3.4912306,
 2011-Jan-31 12:00, , ,265.7686272,  2.6885669,
 2011-Mar-31 12:00, , ,335.0636546, -0.8514616,
 2011-May-31 12:00, , , 48.9245627, -1.3188018,
 2011-Jul-31 12:00, , ,123.5422491,  0.9184077,
 2011-Aug-31 12:00, , ,161.8657954,  1.4173524,
 2011-Oct-31 12:00, , ,237.6763492, -0.2368897,
 2011-Dec-31 12:00, , ,313.2089130, -1.8360374,
 2012-Jan-31 12:00, , ,350.8058184, -0.9410025,
 2012-Mar-31 12:00, , , 57.0556240,  3.4281610,
 2012-May-31 12:00, , , 79.1258216,  1.4380855,
 2012-Jul-31 12:00, , , 83.9585772, -4.1714604,
 2012-Aug-31 12:00, , ,113.4792147, -2.0487331,
 2012-Oct-31 12:00, , ,183.5799155,  1.5839269,
 2012-Dec-31 12:00, , ,259.1360920,  0.7189405,
 2013-Jan-31 12:00, , ,297.9758687, -0.5706769,
 2013-Mar-31 12:00, , , 11.6400561, -1.2861402,
 2013-May-31 12:00, , , 86.8300074,  0.8354471,
 2013-Jul-31 12:00, , ,160.7618061,  1.3508281,
 2013-Aug-31 12:00, , ,197.4815204, -0.0845994,
 2013-Oct-31 12:00, , ,265.1905300, -3.6215863,
 2013-Dec-31 12:00, , ,297.0962747,  2.4759287,